"Y1","Y2","CHK_ACCT","DURATION","HISTORY","NEW_CAR","USED_CAR","FURNITURE","RADIO_TV","EDUCATION","RETRAINING","SAV_ACCT","EMPLOYMENT","INSTALL_RATE","MALE_DIV","MALE_SINGLE","MALE_MAR_or_WID","CO_APPLICANT","GUARANTOR","PRESENT_RESIDENT","REAL_ESTATE","PROP_UNKN_NONE","AGE","OTHER_INSTALL","RENT","OWN_RES","NUM_CREDITS","JOB","NUM_DEPENDENTS","TELEPHONE","FOREIGN"
1169,1,0,6,4,0,0,0,1,0,0,4,4,4,0,1,0,0,0,4,1,0,67,0,0,1,2,2,1,1,0
5951,0,1,48,2,0,0,0,1,0,0,0,2,2,0,0,0,0,0,2,1,0,22,0,0,1,1,2,1,0,0
2096,1,3,12,4,0,0,0,0,1,0,0,3,2,0,1,0,0,0,3,1,0,49,0,0,1,1,1,2,0,0
7882,1,0,42,2,0,0,1,0,0,0,0,3,2,0,1,0,0,1,4,0,0,45,0,0,0,1,2,2,0,0
4870,0,0,24,3,1,0,0,0,0,0,0,2,3,0,1,0,0,0,4,0,1,53,0,0,0,2,2,2,0,0
9055,1,3,36,2,0,0,0,0,1,0,4,2,2,0,1,0,0,0,4,0,1,35,0,0,0,1,1,2,1,0
2835,1,3,24,2,0,0,1,0,0,0,2,4,3,0,1,0,0,0,4,0,0,53,0,0,1,1,2,1,0,0
6948,1,1,36,2,0,1,0,0,0,0,0,2,2,0,1,0,0,0,2,0,0,35,0,1,0,1,3,1,1,0
3059,1,3,12,2,0,0,0,1,0,0,3,3,2,1,0,0,0,0,4,1,0,61,0,0,1,1,1,1,0,0
5234,0,1,30,4,1,0,0,0,0,0,0,0,4,0,0,1,0,0,2,0,0,28,0,0,1,2,3,1,0,0
1295,0,1,12,2,1,0,0,0,0,0,0,1,3,0,0,0,0,0,1,0,0,25,0,1,0,1,2,1,0,0
4308,0,0,48,2,0,0,0,0,0,1,0,1,3,0,0,0,0,0,4,0,0,24,0,1,0,1,2,1,0,0
1567,1,1,12,2,0,0,0,1,0,0,0,2,1,0,0,0,0,0,1,0,0,22,0,0,1,1,2,1,1,0
1199,0,0,24,4,1,0,0,0,0,0,0,4,4,0,1,0,0,0,4,0,0,60,0,0,1,2,1,1,0,0
1403,1,0,15,2,1,0,0,0,0,0,0,2,2,0,0,0,0,0,4,0,0,28,0,1,0,1,2,1,0,0
1282,0,0,24,2,0,0,0,1,0,0,1,2,4,0,0,0,0,0,2,0,0,32,0,0,1,1,1,1,0,0
2424,1,3,24,4,0,0,0,1,0,0,4,4,4,0,1,0,0,0,4,0,0,53,0,0,1,2,2,1,0,0
8072,1,0,30,0,0,0,0,0,0,1,4,1,2,0,1,0,0,0,3,0,0,25,1,0,1,3,2,1,0,0
12579,0,1,24,2,0,1,0,0,0,0,0,4,4,0,0,0,0,0,2,0,1,44,0,0,0,1,3,1,1,0
3430,1,3,24,2,0,0,0,1,0,0,2,4,3,0,1,0,0,0,2,0,0,31,0,0,1,1,2,2,1,0
2134,1,3,9,4,1,0,0,0,0,0,0,2,4,0,1,0,0,0,4,0,0,48,0,0,1,3,2,1,1,0
2647,1,0,6,2,0,0,0,1,0,0,2,2,2,0,1,0,0,0,3,1,0,44,0,1,0,1,2,2,0,0
2241,1,0,10,4,1,0,0,0,0,0,0,1,1,0,1,0,0,0,3,1,0,48,0,1,0,2,1,2,0,1
1804,1,1,12,4,0,1,0,0,0,0,1,1,3,0,1,0,0,0,4,0,0,44,0,0,1,1,2,1,0,0
2069,1,3,10,4,0,0,1,0,0,0,4,2,2,0,0,1,0,0,1,0,0,26,0,0,1,2,2,1,0,1
1374,1,0,6,2,0,0,1,0,0,0,0,2,1,0,1,0,0,0,2,1,0,36,1,0,1,1,1,1,1,0
426,1,3,6,0,0,0,0,1,0,0,0,4,4,0,0,1,0,0,4,0,0,39,0,0,1,1,1,1,0,0
409,1,2,12,1,0,0,0,1,0,0,3,2,3,0,0,0,0,0,3,1,0,42,0,1,0,2,2,1,0,0
2415,1,1,7,2,0,0,0,1,0,0,0,2,3,0,1,0,0,1,2,1,0,34,0,0,1,1,2,1,0,0
6836,0,0,60,3,0,0,0,0,0,1,0,4,3,0,1,0,0,0,4,0,1,63,0,0,1,2,2,1,1,0
1913,1,1,18,2,0,0,0,0,0,1,3,1,3,0,0,1,0,0,3,1,0,36,1,0,1,1,2,1,1,0
4020,1,0,24,2,0,0,1,0,0,0,0,2,2,0,1,0,0,0,2,0,0,27,1,0,1,1,2,1,0,0
5866,1,1,18,2,1,0,0,0,0,0,1,2,2,0,1,0,0,0,2,0,0,30,0,0,1,2,2,1,1,0
1264,1,3,12,4,0,0,0,0,0,1,4,4,4,0,1,0,0,0,4,0,1,57,0,1,0,1,1,1,0,0
1474,1,2,12,2,0,0,1,0,0,0,0,1,4,0,0,0,0,0,1,0,0,33,1,0,1,1,3,1,1,0
4746,0,1,45,4,0,0,0,1,0,0,0,1,4,0,1,0,0,0,2,0,0,25,0,0,1,2,1,1,0,0
6110,1,3,48,4,0,0,0,0,1,0,0,2,1,0,1,0,0,0,3,0,1,31,1,0,0,1,2,1,1,0
2100,0,2,18,2,0,0,0,1,0,0,0,2,4,0,1,0,1,0,2,1,0,37,1,0,1,1,2,1,0,0
1225,1,2,10,2,0,0,0,0,0,0,0,2,2,0,1,0,0,0,2,0,0,37,0,0,1,1,2,1,1,0
458,1,1,9,2,0,0,0,1,0,0,0,2,4,0,1,0,0,0,3,1,0,24,0,0,1,1,2,1,0,0
2333,1,3,30,2,0,0,0,1,0,0,2,4,4,0,1,0,0,0,2,0,0,30,1,0,1,1,3,1,0,0
1158,1,1,12,2,0,0,0,1,0,0,2,2,3,1,0,0,0,0,1,0,0,26,0,0,1,1,2,1,1,0
6204,1,1,18,3,0,0,0,0,0,0,0,2,2,0,1,0,0,0,4,1,0,44,0,0,1,1,1,2,1,0
6187,1,0,30,4,0,1,0,0,0,0,1,3,1,0,0,1,0,0,4,0,0,24,0,1,0,2,2,1,0,0
6143,0,0,48,4,0,1,0,0,0,0,0,4,4,0,0,0,0,0,4,0,1,58,1,0,0,2,1,1,0,0
1393,1,3,11,4,1,0,0,0,0,0,0,1,4,0,0,0,0,0,4,0,0,35,0,0,1,2,3,1,0,0
2299,1,3,36,2,0,0,0,1,0,0,2,4,4,0,1,0,0,0,4,0,0,39,0,0,1,1,2,1,0,0
1352,1,0,6,2,0,1,0,0,0,0,2,0,1,0,0,0,0,0,2,0,0,23,0,1,0,1,0,1,1,0
7228,1,3,11,4,1,0,0,0,0,0,0,2,1,0,1,0,0,0,4,0,0,39,0,0,1,2,1,1,0,0
2073,1,3,12,2,0,0,0,1,0,0,1,2,4,0,0,0,1,0,2,1,0,28,0,0,1,1,2,1,0,0
2333,1,1,24,3,0,0,1,0,0,0,4,1,4,0,1,0,0,0,2,0,0,29,1,0,1,1,1,1,0,0
5965,1,1,27,3,0,1,0,0,0,0,0,4,1,0,1,0,0,0,2,0,0,30,0,0,1,2,3,1,1,0
1262,1,3,12,2,0,0,0,1,0,0,0,2,3,0,1,0,0,0,2,0,0,25,0,0,1,1,2,1,0,0
3378,1,3,18,2,0,1,0,0,0,0,4,2,2,0,1,0,0,0,1,0,0,31,0,0,1,1,2,1,1,0
2225,0,1,36,3,1,0,0,0,0,0,0,4,4,0,1,0,0,0,4,0,1,57,1,0,0,2,2,1,1,0
783,1,3,6,1,1,0,0,0,0,0,4,2,1,0,1,0,0,1,2,1,0,26,1,0,1,1,1,2,0,0
6468,0,1,12,2,0,0,0,1,0,0,4,0,2,0,1,0,0,0,1,0,1,52,0,0,1,1,3,1,1,0
9566,1,3,36,4,0,0,0,1,0,0,0,2,2,0,0,0,0,0,2,0,0,31,1,0,1,2,2,1,0,0
1961,1,2,18,2,1,0,0,0,0,0,0,4,3,0,0,0,0,0,2,0,0,23,0,0,1,1,3,1,0,0
6229,0,0,36,4,0,0,1,0,0,0,0,1,4,0,0,0,1,0,4,0,1,23,0,1,0,2,1,1,1,0
1391,1,1,9,2,0,0,0,0,0,1,0,2,2,0,0,1,0,0,1,1,0,27,1,0,1,1,2,1,1,0
1537,1,1,15,4,0,0,0,1,0,0,4,4,4,0,1,0,0,1,4,1,0,50,0,0,1,2,2,1,1,0
1953,0,1,36,0,0,0,0,0,0,1,0,4,4,0,1,0,0,0,4,0,1,61,0,0,0,1,3,1,1,0
14421,0,1,48,0,0,0,0,0,0,1,0,2,2,0,1,0,0,0,2,0,0,25,0,0,1,1,2,1,1,0
3181,1,3,24,2,0,0,0,1,0,0,0,1,4,0,0,0,0,0,4,0,0,26,0,0,1,1,2,1,1,0
5190,1,3,27,2,0,0,0,0,0,0,4,4,4,0,1,0,0,0,4,0,0,48,0,0,1,4,2,2,1,0
2171,1,3,12,2,0,0,0,1,0,0,0,1,2,0,0,0,0,0,2,0,0,29,1,0,1,1,2,1,0,0
1007,1,1,12,2,1,0,0,0,0,0,3,2,4,0,0,1,0,0,1,1,0,22,0,0,1,1,2,1,0,0
1819,0,3,36,2,0,0,0,0,1,0,0,2,4,0,1,0,0,0,4,0,1,37,1,0,0,1,2,1,1,0
2394,1,3,36,2,0,0,0,1,0,0,4,2,4,0,0,0,0,0,4,0,0,25,0,0,1,1,2,1,0,0
8133,1,3,36,2,0,1,0,0,0,0,0,2,1,0,0,0,0,0,2,0,0,30,1,0,1,1,2,1,0,0
730,1,3,7,4,0,0,0,1,0,0,4,4,4,0,1,0,0,0,2,0,0,46,0,1,0,2,1,1,1,0
1164,1,0,8,4,0,0,0,0,0,0,0,4,3,0,1,0,0,0,4,0,1,51,1,0,0,2,3,2,1,0
5954,1,1,42,4,0,0,0,0,0,1,0,3,2,0,0,0,0,0,1,1,0,41,1,0,1,2,1,1,0,0
1977,0,0,36,2,0,0,0,0,1,0,4,4,4,0,1,0,0,0,4,0,1,40,0,0,1,1,3,1,1,0
1526,1,0,12,4,0,1,0,0,0,0,0,4,4,0,1,0,0,0,4,0,1,66,0,0,0,2,3,1,0,0
3965,0,0,42,2,0,0,0,1,0,0,0,1,4,0,1,0,0,0,3,0,0,34,0,0,1,1,2,1,0,0
4771,1,1,11,3,0,0,0,1,0,0,0,3,2,0,1,0,0,0,4,0,0,51,0,0,1,1,2,1,0,0
9436,1,3,54,0,0,1,0,0,0,0,4,2,2,0,1,0,0,0,2,0,0,39,0,0,1,1,1,2,0,0
3832,1,1,30,2,0,0,1,0,0,0,0,1,2,0,0,1,0,0,1,0,0,22,0,0,1,1,2,1,0,0
5943,0,3,24,2,0,0,0,1,0,0,4,1,1,0,0,0,0,0,1,0,0,44,0,0,1,2,2,1,1,0
1213,1,3,15,2,0,0,0,1,0,0,2,4,4,0,1,0,0,0,3,0,0,47,1,0,1,1,2,1,1,0
1568,1,3,18,2,0,0,0,0,0,1,1,2,3,0,0,0,0,0,4,0,0,24,0,1,0,1,1,1,0,0
1755,1,0,24,2,0,0,0,0,0,0,0,4,4,0,0,0,0,1,4,1,0,58,0,0,1,1,1,1,1,0
2315,1,0,10,2,0,0,0,1,0,0,0,4,3,0,1,0,0,0,4,1,0,52,0,0,1,1,1,1,0,0
1412,1,3,12,4,0,0,0,0,0,1,0,2,4,0,0,0,0,1,2,1,0,29,0,0,1,2,3,1,1,0
1295,1,1,18,4,0,0,1,0,0,0,0,1,4,0,0,0,0,0,1,0,0,27,0,0,1,2,2,1,0,0
12612,0,1,36,2,0,0,0,0,1,0,1,2,1,0,1,0,0,0,4,0,1,47,0,0,0,1,2,2,1,0
2249,1,0,18,2,1,0,0,0,0,0,1,3,4,0,1,0,0,0,3,0,0,30,0,0,1,1,3,2,1,0
1108,0,0,12,0,0,0,0,0,0,0,0,3,4,0,1,0,0,0,3,1,0,28,0,0,1,2,2,1,0,0
618,1,3,12,4,0,0,0,1,0,0,0,4,4,0,1,0,0,0,4,1,0,56,0,0,1,1,2,1,0,0
1409,1,0,12,4,0,1,0,0,0,0,0,4,4,0,1,0,0,0,3,1,0,54,0,0,1,1,2,1,0,0
797,0,3,12,4,0,0,0,1,0,0,4,4,4,0,0,0,0,0,3,0,0,33,1,0,1,1,1,2,0,0
3617,1,2,24,4,0,0,1,0,0,0,4,4,4,0,1,0,1,0,4,0,1,20,0,1,0,2,2,1,0,0
1318,1,1,12,2,1,0,0,0,0,0,3,4,4,0,1,0,0,0,4,1,0,54,0,0,1,1,2,1,1,0
15945,0,1,54,0,0,0,0,0,0,1,0,1,3,0,1,0,0,0,4,0,1,58,0,1,0,1,2,1,1,0
2012,1,3,12,4,0,0,0,0,1,0,4,3,4,0,0,0,0,0,2,0,0,61,0,0,1,1,2,1,0,0
2622,1,1,18,2,0,0,0,0,0,1,1,2,4,0,1,0,0,0,4,0,0,34,0,0,1,1,2,1,0,0
2337,1,1,36,4,0,0,0,1,0,0,0,4,4,0,1,0,0,0,4,1,0,36,0,0,1,1,2,1,0,0
7057,1,1,20,3,0,1,0,0,0,0,4,3,3,0,1,0,0,0,4,0,0,36,1,1,0,2,3,2,1,0
1469,1,3,24,2,1,0,0,0,0,0,1,4,4,0,0,1,0,0,4,1,0,41,0,1,0,1,1,1,0,0
2323,1,1,36,2,0,0,0,1,0,0,0,3,4,0,1,0,0,0,4,0,0,24,0,1,0,1,2,1,0,0
932,1,3,6,3,0,0,0,1,0,0,0,2,3,0,0,0,0,0,2,1,0,24,0,0,1,1,2,1,0,0
1919,1,1,9,4,0,0,1,0,0,0,0,3,4,0,1,0,0,0,3,0,0,35,0,1,0,1,2,1,1,0
2445,1,3,12,2,0,1,0,0,0,0,4,1,2,0,0,1,0,0,4,0,0,26,0,1,0,1,2,1,1,0
11938,0,1,24,4,0,0,0,0,0,0,0,2,2,0,1,0,1,0,3,0,0,39,0,0,1,2,3,2,1,0
6458,0,3,18,1,1,0,0,0,0,0,0,4,2,0,1,0,0,0,4,0,1,39,1,0,1,2,3,2,1,0
6078,1,1,12,2,1,0,0,0,0,0,0,3,2,0,1,0,0,0,2,0,0,32,0,0,1,1,2,1,0,0
7721,1,0,24,2,0,0,1,0,0,0,4,1,1,0,0,0,0,0,2,0,0,30,0,0,1,1,2,1,1,1
1410,1,1,14,2,0,0,0,0,0,1,2,4,1,0,0,1,0,0,2,1,0,35,0,0,1,1,2,1,1,0
1449,1,1,6,3,0,0,0,0,0,1,1,4,1,1,0,0,0,0,2,0,0,31,1,0,1,2,2,2,0,0
392,1,2,15,2,0,0,0,0,1,0,0,1,4,0,0,0,0,0,4,0,0,23,0,1,0,1,2,1,1,0
6260,1,1,18,2,1,0,0,0,0,0,0,3,3,0,1,0,0,0,3,1,0,28,0,1,0,1,1,1,0,0
7855,0,3,36,4,1,0,0,0,0,0,0,2,4,0,0,0,0,0,2,1,0,25,1,0,1,2,2,1,1,0
1680,1,0,12,2,0,0,0,1,0,0,2,4,3,0,0,1,0,0,1,1,0,35,0,0,1,1,2,1,0,0
3578,1,3,48,4,0,0,0,1,0,0,4,4,4,0,1,0,0,0,1,1,0,47,0,0,1,1,2,1,1,0
7174,0,0,42,2,0,0,0,1,0,0,4,3,4,0,0,0,0,0,3,0,0,30,0,0,1,1,3,1,1,0
2132,1,0,10,4,0,0,1,0,0,0,4,1,2,0,0,0,1,0,3,1,0,27,0,1,0,2,2,1,0,1
4281,0,0,33,4,0,0,1,0,0,0,2,2,1,0,0,0,0,0,4,0,0,23,0,0,1,2,2,1,0,0
2366,1,1,12,4,1,0,0,0,0,0,2,3,3,1,0,0,0,0,3,0,0,36,0,0,1,1,3,1,1,0
1835,0,0,21,2,0,0,0,1,0,0,0,2,3,0,0,0,0,0,2,1,0,25,0,0,1,2,2,1,1,0
3868,1,3,24,4,0,1,0,0,0,0,0,4,4,0,0,0,0,0,2,0,0,41,0,1,0,2,3,1,1,0
1768,1,3,12,2,0,0,1,0,0,0,0,2,3,0,1,0,0,0,2,1,0,24,0,1,0,1,1,1,0,0
781,1,2,10,4,1,0,0,0,0,0,0,4,4,0,1,0,0,0,4,0,1,63,0,0,0,2,2,1,1,0
1924,0,1,18,2,0,0,1,0,0,0,4,1,4,0,0,0,0,0,3,1,0,27,0,1,0,1,2,1,0,0
2121,1,0,12,4,1,0,0,0,0,0,0,2,4,0,1,0,0,0,2,0,0,30,0,0,1,2,2,1,0,0
701,1,0,12,2,0,0,0,1,0,0,0,2,4,0,0,1,0,0,2,1,0,40,0,0,1,1,1,1,0,0
639,0,1,12,2,0,0,0,0,0,0,0,2,4,0,1,0,0,0,2,0,0,30,0,0,1,1,2,1,0,0
1860,1,1,12,4,0,1,0,0,0,0,0,0,4,0,1,0,0,0,2,0,0,34,0,0,1,2,3,1,1,0
3499,0,0,12,4,1,0,0,0,0,0,0,2,3,0,0,0,1,0,2,1,0,29,0,0,1,2,2,1,0,0
8487,1,1,48,2,1,0,0,0,0,0,4,3,1,0,0,0,0,0,2,0,0,24,0,0,1,1,2,1,0,0
6887,0,0,36,3,0,0,0,0,1,0,0,2,4,0,1,0,0,0,3,0,0,29,1,0,1,1,2,1,1,0
2708,1,3,15,2,0,0,1,0,0,0,0,1,2,0,1,0,0,0,3,0,0,27,1,0,1,2,1,1,0,0
1984,1,3,18,2,0,0,1,0,0,0,0,2,4,0,1,0,0,0,4,0,1,47,1,0,0,2,2,1,0,0
10144,1,3,60,2,0,0,0,1,0,0,1,3,2,0,0,0,0,0,4,1,0,21,0,0,1,1,2,1,1,0
1240,1,3,12,4,0,0,0,1,0,0,4,4,4,0,0,0,0,0,2,1,0,38,0,0,1,2,2,1,1,0
8613,1,3,27,3,0,1,0,0,0,0,3,2,2,0,1,0,0,0,2,0,0,27,0,0,1,2,2,1,0,0
766,0,1,12,2,0,0,0,1,0,0,2,2,4,0,1,0,0,0,3,1,0,66,0,0,1,1,1,1,0,0
2728,1,1,15,4,0,0,0,1,0,0,4,3,4,0,1,0,0,1,2,1,0,35,1,0,1,3,2,1,1,0
1881,1,2,12,2,0,0,0,1,0,0,0,2,2,0,0,0,0,0,2,0,0,44,0,1,0,1,1,1,1,0
709,1,2,6,2,1,0,0,0,0,0,3,1,2,0,0,1,0,0,2,1,0,27,0,0,1,1,0,1,0,1
4795,1,1,36,2,0,0,0,1,0,0,0,1,4,0,0,0,0,0,1,0,1,30,0,0,1,1,3,1,1,0
3416,1,0,27,2,0,0,0,1,0,0,0,2,3,0,1,0,0,0,2,0,0,27,0,0,1,1,3,1,0,0
2462,0,0,18,2,0,0,1,0,0,0,0,2,2,0,1,0,0,0,2,0,0,22,0,0,1,1,2,1,0,0
2288,1,3,21,4,0,0,1,0,0,0,0,1,4,0,0,0,0,0,4,0,0,23,0,0,1,1,2,1,1,0
3566,1,1,48,1,0,0,0,0,0,1,1,3,4,0,1,0,0,0,2,0,0,30,0,0,1,1,2,1,0,0
860,1,0,6,4,1,0,0,0,0,0,0,4,1,0,0,0,0,0,4,0,1,39,0,0,1,2,2,1,1,0
682,1,3,12,4,1,0,0,0,0,0,1,3,4,0,0,0,0,0,3,0,0,51,0,0,1,2,2,1,1,0
5371,1,0,36,4,0,0,1,0,0,0,0,2,3,0,1,0,0,1,2,0,0,28,0,0,1,2,2,1,0,0
1582,1,3,18,4,0,0,0,1,0,0,3,4,4,0,1,0,0,0,4,0,0,46,0,0,1,2,2,1,0,0
1346,1,3,6,2,0,0,0,1,0,0,1,4,2,0,1,0,0,0,4,0,1,42,1,0,0,1,2,2,1,0
1924,1,3,10,2,0,0,0,1,0,0,0,2,1,0,1,0,0,0,4,0,0,38,0,0,1,1,2,1,1,1
5848,1,2,36,2,0,0,0,1,0,0,0,2,4,0,1,0,0,0,1,0,0,24,0,0,1,1,2,1,0,0
7758,1,1,24,4,0,1,0,0,0,0,3,4,2,0,0,0,0,0,4,0,1,29,0,1,0,1,2,1,0,0
6967,1,1,24,3,0,0,0,0,0,1,1,3,4,0,1,0,0,0,4,0,0,36,0,1,0,1,3,1,1,0
1282,0,0,12,2,0,0,1,0,0,0,0,2,2,0,0,0,0,0,4,0,0,20,0,1,0,1,2,1,0,0
1288,1,0,9,4,0,0,0,0,0,0,1,4,3,0,1,0,0,1,4,1,0,48,0,0,1,2,2,2,0,1
339,1,0,12,1,0,0,0,0,0,0,0,4,4,0,0,1,0,0,1,0,0,45,1,0,1,1,1,1,0,0
3512,1,1,24,2,1,0,0,0,0,0,1,3,2,0,1,0,0,0,3,0,0,38,1,0,1,2,2,1,1,0
1898,1,3,6,4,0,0,0,1,0,0,4,2,1,0,1,0,0,0,2,1,0,34,0,0,1,2,1,2,0,0
2872,1,3,24,4,0,0,0,1,0,0,1,4,3,0,1,0,0,0,4,1,0,36,0,0,1,1,2,2,1,0
1055,1,3,18,4,1,0,0,0,0,0,0,1,4,0,0,0,0,0,1,0,0,30,0,0,1,2,2,1,0,0
1262,1,3,15,2,0,0,0,0,0,0,2,3,4,0,1,0,0,0,3,0,0,36,0,0,1,2,2,1,1,0
7308,1,1,10,2,1,0,0,0,0,0,0,0,2,0,1,0,0,0,4,0,1,70,1,0,0,1,3,1,1,0
909,1,3,36,2,1,0,0,0,0,0,2,4,4,0,1,0,0,0,4,0,0,36,0,0,1,1,2,1,0,0
2978,1,3,6,2,0,0,1,0,0,0,2,2,1,0,1,0,0,0,2,0,0,32,0,0,1,1,2,1,1,0
1131,0,0,18,2,0,0,1,0,0,0,0,0,4,0,0,0,0,0,2,0,0,33,0,0,1,1,2,1,0,0
1577,1,1,11,2,0,0,1,0,0,0,3,1,4,0,0,0,0,0,1,1,0,20,0,0,1,1,2,1,0,0
3972,1,3,24,2,0,0,1,0,0,0,0,3,2,0,0,0,0,0,4,0,0,25,0,1,0,1,2,1,1,0
1935,0,1,24,4,0,0,0,0,0,1,0,4,4,1,0,0,0,0,4,1,0,31,0,0,1,2,2,1,1,0
950,0,0,15,0,1,0,0,0,0,0,0,4,4,0,1,0,0,0,3,0,0,33,0,1,0,2,2,2,0,0
763,1,3,12,2,0,0,1,0,0,0,0,2,4,0,0,0,0,0,1,1,0,26,0,0,1,1,2,1,1,0
2064,0,1,24,3,0,0,1,0,0,0,0,0,3,0,0,0,0,0,2,0,0,34,0,0,1,1,3,1,1,0
1414,1,1,8,2,0,0,0,1,0,0,0,2,4,0,1,0,0,1,2,1,0,33,0,0,1,1,2,1,0,1
3414,0,0,21,3,0,0,0,0,1,0,0,1,2,0,1,0,0,0,1,0,0,26,0,0,1,2,2,1,0,0
7485,0,3,30,1,0,1,0,0,0,0,4,0,4,0,0,0,0,0,1,1,0,53,1,0,1,1,3,1,1,0
2577,1,0,12,2,0,0,1,0,0,0,0,2,2,1,0,0,0,0,1,0,0,42,0,0,1,1,2,1,0,0
338,1,0,6,4,0,0,0,1,0,0,2,4,4,0,1,0,0,0,4,0,0,52,0,0,1,2,2,1,0,0
1963,1,3,12,2,0,0,0,1,0,0,0,3,4,0,1,0,0,0,2,0,0,31,0,1,0,2,3,2,1,0
571,1,0,21,4,1,0,0,0,0,0,0,4,4,0,1,0,0,0,4,1,0,65,0,0,1,2,2,1,0,0
9572,0,3,36,3,0,0,0,0,0,1,0,1,1,1,0,0,0,0,1,0,0,28,0,0,1,2,2,1,0,0
4455,0,1,36,3,0,0,0,0,0,1,0,2,2,1,0,0,0,0,2,1,0,30,1,0,1,2,3,1,1,0
1647,0,0,21,1,1,0,0,0,0,0,4,2,4,0,1,0,0,0,2,0,0,40,0,0,1,2,1,2,0,0
3777,1,3,24,4,0,0,1,0,0,0,3,2,4,0,1,0,0,0,4,1,0,50,0,0,1,1,2,1,1,0
884,0,1,18,4,1,0,0,0,0,0,0,4,4,0,1,0,0,0,4,0,0,36,1,0,1,1,2,2,1,0
1360,1,3,15,4,0,0,0,1,0,0,0,2,4,0,1,0,0,0,2,0,0,31,0,0,1,2,2,1,0,0
5129,0,1,9,1,0,1,0,0,0,0,0,4,2,0,0,0,0,0,4,0,1,74,1,0,0,1,3,2,1,0
1175,1,1,16,4,1,0,0,0,0,0,0,0,2,0,1,0,0,0,3,0,0,68,0,0,0,3,0,1,1,0
674,0,0,12,2,0,0,0,1,0,0,1,3,4,0,0,1,0,0,1,0,0,20,0,0,1,1,2,1,0,0
3244,1,1,18,0,0,0,1,0,0,0,0,2,1,0,0,0,0,0,4,0,0,33,1,0,1,2,2,1,1,0
4591,0,3,24,2,0,0,0,0,0,1,3,2,2,0,1,0,0,0,3,0,0,54,0,0,1,3,3,1,1,0
3844,0,1,48,0,0,0,0,0,0,1,1,3,4,0,1,0,0,0,4,0,1,34,0,0,0,1,1,2,0,0
3915,0,1,27,2,0,0,0,0,0,1,0,2,4,0,1,0,0,0,2,0,0,36,0,0,1,1,2,2,1,0
2108,1,3,6,2,0,0,0,1,0,0,0,3,2,0,0,1,0,0,2,1,0,29,0,1,0,1,2,1,0,0
3031,0,1,45,2,0,0,0,1,0,0,1,2,4,0,1,0,0,1,4,0,0,21,0,1,0,1,2,1,0,0
1501,0,1,9,4,0,0,0,0,1,0,0,4,2,0,0,0,0,0,3,0,0,34,0,0,1,2,3,1,1,0
1382,1,3,6,4,0,0,0,1,0,0,0,2,1,0,0,0,0,0,1,0,0,28,0,0,1,2,2,1,1,0
951,0,1,12,2,0,0,1,0,0,0,1,1,4,0,0,0,0,0,4,0,0,27,1,1,0,4,2,1,0,0
2760,1,1,24,2,0,1,0,0,0,0,4,4,4,0,1,0,0,0,4,0,1,36,1,0,0,1,2,1,1,0
4297,0,1,18,3,0,0,1,0,0,0,0,4,4,1,0,0,0,0,3,0,1,40,0,0,1,1,3,1,1,0
936,1,3,9,4,0,0,0,0,1,0,2,4,4,0,1,0,0,0,2,0,0,52,0,0,1,2,2,1,1,0
1168,1,0,12,2,1,0,0,0,0,0,0,2,4,0,0,1,0,0,3,1,0,27,0,0,1,1,1,1,0,0
5117,1,3,27,3,0,0,0,0,0,1,0,3,3,0,1,0,0,0,4,0,0,26,0,0,1,2,2,1,0,0
902,0,0,12,2,0,0,0,0,0,0,0,3,4,0,0,1,0,0,4,0,0,21,0,1,0,1,2,1,0,0
1495,1,3,12,4,1,0,0,0,0,0,0,4,4,0,1,0,0,0,1,1,0,38,0,0,1,2,1,2,0,0
10623,1,0,30,4,0,1,0,0,0,0,0,4,3,0,1,0,0,0,4,0,1,38,0,0,0,3,3,2,1,0
1935,1,3,12,4,0,0,1,0,0,0,0,4,4,0,1,0,0,0,4,1,0,43,0,0,1,3,2,1,1,0
1424,1,1,12,4,0,0,0,0,0,0,0,3,4,0,1,0,0,0,3,0,0,26,0,0,1,1,2,1,0,0
6568,1,0,24,2,0,0,0,0,0,1,0,2,2,0,0,1,0,0,2,0,0,21,1,0,1,1,1,1,0,0
1413,1,3,12,2,0,1,0,0,0,0,3,3,3,0,1,0,0,0,2,0,0,55,0,0,1,1,2,1,0,1
3074,1,3,9,4,0,0,0,1,0,0,4,2,1,0,1,0,0,0,2,1,0,33,0,0,1,2,2,2,0,0
3835,1,3,36,2,0,0,0,1,0,0,4,4,2,0,0,0,0,0,4,1,0,45,0,0,1,1,1,1,1,0
5293,0,0,27,0,0,0,0,0,0,1,0,0,2,0,1,0,0,0,4,0,0,50,1,0,1,2,2,1,1,0
1908,0,2,30,3,0,0,0,0,0,1,0,4,4,0,1,0,0,0,4,1,0,66,0,0,1,1,3,1,1,0
3342,1,3,36,4,0,0,0,1,0,0,4,4,4,0,1,0,0,0,2,0,0,51,0,0,1,1,2,1,1,0
932,1,1,6,4,0,0,0,0,0,0,4,3,1,0,0,0,0,0,3,0,0,39,0,0,1,2,1,1,0,0
3104,1,0,18,0,0,0,0,0,0,1,0,3,3,0,1,0,0,0,1,0,0,31,1,0,1,1,2,1,1,0
3913,1,2,36,2,0,0,0,1,0,0,0,2,2,0,1,0,0,0,2,1,0,23,0,0,1,1,2,1,1,0
3021,1,0,24,2,0,0,1,0,0,0,0,2,2,1,0,0,0,0,2,1,0,24,0,1,0,1,1,1,0,0
1364,1,3,10,2,1,0,0,0,0,0,0,2,2,0,0,0,0,0,4,0,0,64,0,0,1,1,2,1,1,0
625,1,1,12,2,0,0,0,1,0,0,0,1,4,0,0,1,0,1,1,1,0,26,1,0,1,1,1,1,0,0
1200,1,0,12,2,0,0,0,0,1,0,4,2,4,0,0,0,0,0,4,0,0,23,1,1,0,1,2,1,1,0
707,1,3,12,2,0,0,0,1,0,0,0,2,4,0,1,0,0,0,2,1,0,30,1,0,1,2,2,1,0,0
2978,1,3,24,3,0,0,0,0,0,1,4,2,4,0,1,0,0,0,4,1,0,32,0,0,1,2,2,2,1,0
4657,1,3,15,2,0,1,0,0,0,0,0,2,3,0,1,0,0,0,2,0,0,30,0,0,1,1,2,1,1,0
2613,1,3,36,0,0,0,0,0,0,0,0,2,4,0,1,0,0,0,2,0,0,27,0,0,1,2,2,1,0,0
10961,0,1,48,2,0,0,0,1,0,0,3,3,1,0,1,0,1,0,2,0,1,27,1,0,1,2,2,1,1,0
7865,0,0,12,2,0,0,1,0,0,0,0,4,4,0,1,0,0,0,4,0,1,53,0,0,0,1,3,1,1,0
1478,0,3,9,2,0,0,0,1,0,0,0,3,4,0,1,0,0,0,2,0,0,22,0,0,1,1,2,1,0,0
3149,1,0,24,2,0,0,1,0,0,0,0,1,4,0,1,0,0,0,1,0,1,22,1,0,0,1,2,1,0,0
4210,0,2,36,2,0,0,0,1,0,0,0,2,4,0,1,0,0,0,2,0,0,26,0,0,1,1,2,1,0,0
2507,1,3,9,2,1,0,0,0,0,0,2,4,2,0,1,0,0,0,4,0,1,51,0,0,0,1,1,1,0,0
2141,1,3,12,2,0,0,0,1,0,0,1,3,3,0,1,0,0,0,1,0,1,35,0,0,1,1,2,1,0,0
866,1,1,18,2,0,0,0,1,0,0,0,2,4,0,0,1,0,1,2,1,0,25,0,0,1,1,1,1,0,0
1544,1,3,4,4,0,0,0,1,0,0,0,3,2,0,1,0,0,0,1,1,0,42,0,0,1,3,1,2,0,0
1823,0,0,24,2,0,0,0,1,0,0,0,0,4,0,1,0,0,0,2,0,0,30,1,0,1,1,3,2,0,0
14555,0,1,6,2,1,0,0,0,0,0,4,0,1,0,1,0,0,0,2,0,0,23,0,0,1,1,0,1,1,0
2767,0,1,21,2,0,0,0,0,0,1,1,4,4,1,0,0,0,0,2,0,0,61,1,1,0,2,1,1,0,0
1291,1,3,12,4,0,0,0,1,0,0,0,2,4,0,0,0,0,0,2,0,0,35,0,0,1,2,2,1,0,0
2522,1,0,30,2,0,0,0,1,0,0,0,4,1,0,1,0,0,1,3,0,0,39,0,0,1,1,2,2,0,0
915,0,0,24,2,1,0,0,0,0,0,4,4,4,0,0,0,0,0,2,0,0,29,1,0,1,1,2,1,0,0
1595,1,3,6,2,0,0,0,1,0,0,0,3,3,0,1,0,0,0,2,0,0,51,0,0,1,1,2,2,0,0
4605,0,0,48,0,0,1,0,0,0,0,0,4,3,0,1,0,0,0,4,0,1,24,0,0,0,2,2,2,0,0
1185,1,3,12,4,0,0,0,0,0,1,0,2,3,0,0,0,0,0,2,1,0,27,0,0,1,2,2,1,0,0
3447,1,3,12,1,0,0,0,0,0,0,2,2,4,0,0,0,0,0,3,1,0,35,0,0,1,1,1,2,0,0
1258,1,3,24,2,0,0,0,0,0,1,0,3,4,0,1,0,0,0,1,1,0,25,0,0,1,1,2,1,1,0
717,1,3,12,4,0,0,0,1,0,0,0,4,4,0,1,0,0,0,4,1,0,52,0,0,1,3,2,1,0,0
1204,1,3,6,0,1,0,0,0,0,0,1,2,4,0,1,0,0,0,1,0,1,35,1,1,0,1,2,1,0,1
1925,1,2,24,2,0,0,1,0,0,0,0,2,2,0,1,0,0,0,2,1,0,26,0,0,1,1,2,1,0,0
433,0,3,18,2,0,0,0,1,0,0,0,0,3,0,0,0,1,0,4,1,0,22,0,1,0,1,2,1,0,0
666,1,0,6,4,1,0,0,0,0,0,3,3,3,0,0,0,0,0,4,1,0,39,0,0,1,2,1,1,1,0
2251,1,2,12,2,0,0,1,0,0,0,0,2,1,0,0,0,0,0,2,0,0,46,0,0,1,1,1,1,0,0
2150,0,1,30,2,1,0,0,0,0,0,0,2,4,0,0,0,0,1,2,0,1,24,1,0,1,1,2,1,0,0
4151,1,3,24,3,0,0,1,0,0,0,1,2,2,0,1,0,0,0,3,0,0,35,0,0,1,2,2,1,0,0
2030,1,1,9,2,0,0,1,0,0,0,4,3,2,0,1,0,0,0,1,0,0,24,0,0,1,1,2,1,1,0
7418,1,1,60,3,0,0,0,1,0,0,4,2,1,0,1,0,0,0,1,1,0,27,0,0,1,1,1,1,0,0
2684,1,3,24,4,0,0,0,1,0,0,0,2,4,0,1,0,0,0,2,1,0,35,0,0,1,2,1,1,0,0
2149,0,0,12,1,0,0,0,1,0,0,0,2,4,1,0,0,0,0,1,0,1,29,0,0,0,1,2,1,0,0
3812,1,3,15,2,0,1,0,0,0,0,1,1,1,0,0,0,0,0,4,0,0,23,0,0,1,1,2,1,1,0
1154,1,3,11,4,0,0,0,1,0,0,1,0,4,0,0,0,0,0,4,1,0,57,0,0,1,3,1,1,0,0
1657,1,0,12,2,0,0,1,0,0,0,0,2,2,0,1,0,0,0,2,1,0,27,0,0,1,1,2,1,0,0
1603,1,0,24,2,0,0,0,1,0,0,0,4,4,0,0,0,0,0,4,0,0,55,0,0,1,1,2,1,0,0
5302,1,0,18,4,1,0,0,0,0,0,0,4,2,0,1,0,0,0,4,0,1,36,0,0,0,3,3,1,1,0
2748,1,3,12,4,0,0,0,0,1,0,0,4,2,0,0,0,0,0,4,0,1,57,1,0,0,3,1,1,0,0
1231,1,3,10,4,1,0,0,0,0,0,0,4,3,0,1,0,0,0,4,1,0,32,0,0,1,2,1,2,0,1
802,0,1,15,2,0,0,0,1,0,0,0,4,4,0,1,0,0,0,3,0,0,37,0,0,1,1,2,2,0,0
6304,1,3,36,4,0,0,0,0,0,1,4,4,4,0,1,0,0,0,4,1,0,36,0,0,1,2,2,1,0,0
1533,1,3,24,2,0,0,0,1,0,0,0,1,4,0,0,0,0,0,3,0,0,38,1,0,1,1,2,1,1,0
8978,0,0,14,2,1,0,0,0,0,0,0,4,1,1,0,0,0,0,4,0,0,45,0,0,1,1,3,1,1,1
999,1,3,24,2,0,0,0,1,0,0,4,4,4,0,1,0,0,0,2,0,0,25,0,0,1,2,2,1,0,0
2662,1,3,18,2,1,0,0,0,0,0,4,3,4,0,1,0,0,0,3,0,0,32,0,0,1,1,2,1,0,1
1402,1,3,12,4,0,0,1,0,0,0,2,3,3,0,0,0,0,0,4,0,0,37,0,1,0,1,2,1,1,0
12169,1,1,48,1,1,0,0,0,0,0,4,0,4,0,1,0,1,0,4,0,1,36,0,0,0,1,3,1,1,0
3060,0,1,48,2,0,0,0,1,0,0,0,3,4,0,1,0,0,0,4,1,0,28,0,0,1,2,2,1,0,0
11998,0,0,30,2,0,0,0,0,0,0,0,1,1,1,0,0,0,0,1,0,1,34,0,0,1,1,1,1,1,0
2697,1,3,9,2,0,0,0,1,0,0,0,2,1,0,1,0,0,0,2,1,0,32,0,0,1,1,2,2,0,0
2404,1,3,18,4,0,0,0,1,0,0,0,2,2,0,0,0,0,0,2,0,0,26,0,0,1,2,2,1,0,0
1262,1,0,12,2,0,0,1,0,0,0,4,4,2,1,0,0,0,0,4,0,0,49,0,0,1,1,1,1,1,0
4611,0,3,6,2,0,0,1,0,0,0,0,1,1,0,0,0,0,0,4,0,0,32,0,0,1,1,2,1,0,0
1901,1,3,24,2,0,0,0,1,0,0,1,2,4,0,1,0,0,0,4,0,0,29,0,1,0,1,3,1,1,0
3368,1,3,15,4,0,1,0,0,0,0,3,4,3,0,1,0,0,0,4,0,1,23,0,1,0,2,2,1,1,0
1574,1,3,12,2,0,0,1,0,0,0,0,2,4,0,1,0,0,0,2,1,0,50,0,0,1,1,2,1,0,0
1445,1,2,18,1,0,0,0,1,0,0,4,3,4,0,1,0,0,0,4,0,0,49,1,0,1,1,1,1,0,0
1520,1,3,15,4,0,0,1,0,0,0,4,4,4,0,1,0,0,0,4,0,0,63,0,0,1,1,2,1,0,0
3878,1,1,24,4,1,0,0,0,0,0,1,1,4,1,0,0,0,0,2,0,0,37,0,0,1,1,2,1,1,0
10722,1,0,47,2,1,0,0,0,0,0,0,1,1,0,0,0,0,0,1,1,0,35,0,0,1,1,1,1,1,0
4788,1,0,48,2,0,1,0,0,0,0,0,3,4,0,1,0,0,0,3,0,0,26,0,0,1,1,2,2,0,0
7582,1,1,48,3,0,0,0,0,0,0,1,0,2,0,1,0,0,0,4,0,1,31,0,0,0,1,3,1,1,0
1092,1,1,12,2,0,0,0,1,0,0,0,2,4,0,0,0,0,1,4,1,0,49,0,0,1,2,2,1,1,0
1024,0,0,24,3,0,0,0,1,0,0,0,1,4,0,0,1,0,0,4,1,0,48,1,0,1,1,2,1,0,0
1076,1,3,12,2,0,0,0,0,0,1,0,2,2,0,0,1,0,0,2,1,0,26,0,0,1,1,2,1,1,1
9398,0,1,36,2,0,1,0,0,0,0,0,1,1,0,0,1,0,0,4,0,0,28,0,1,0,1,3,1,1,0
6419,1,0,24,4,0,1,0,0,0,0,0,4,2,0,0,0,0,0,4,0,1,44,0,0,0,2,3,2,1,0
4796,1,2,42,4,0,1,0,0,0,0,0,4,4,0,1,0,0,0,4,0,1,56,0,0,0,1,2,1,0,0
7629,1,3,48,4,0,0,0,0,0,1,4,4,4,1,0,0,0,0,2,0,0,46,1,0,1,2,3,2,0,0
9960,0,1,48,2,0,0,1,0,0,0,0,1,1,0,0,0,0,0,2,0,0,26,0,0,1,1,2,1,1,0
4675,1,3,12,2,0,1,0,0,0,0,4,1,1,0,0,0,0,0,4,0,0,20,0,1,0,1,2,1,0,0
1287,1,3,10,2,1,0,0,0,0,0,4,4,4,0,1,0,1,0,2,0,0,45,0,0,1,1,1,1,0,1
2515,1,3,18,2,0,0,1,0,0,0,0,2,3,0,1,0,0,0,4,1,0,43,0,0,1,1,2,1,1,0
2745,1,1,21,4,0,0,1,0,0,0,3,3,3,0,1,0,0,0,2,0,0,32,0,0,1,2,2,1,1,0
672,1,3,6,2,1,0,0,0,0,0,0,0,1,0,0,0,0,0,4,1,0,54,0,0,1,1,0,1,1,0
3804,0,1,36,0,0,0,0,1,0,0,0,2,4,0,0,0,0,0,1,0,0,42,0,0,1,1,2,1,1,0
1344,0,2,24,4,1,0,0,0,0,0,4,3,4,0,1,0,0,0,2,1,0,37,1,0,1,2,1,2,0,0
1038,1,0,10,4,1,0,0,0,0,0,0,3,4,0,1,0,1,0,3,0,0,49,0,0,1,2,2,1,1,0
10127,0,3,48,4,1,0,0,0,0,0,2,2,2,0,1,0,0,0,2,0,1,44,1,0,0,1,2,1,0,0
1543,1,3,6,2,0,0,1,0,0,0,3,2,4,1,0,0,0,0,2,1,0,33,0,0,1,1,2,1,0,0
4811,1,3,30,2,0,1,0,0,0,0,4,3,2,0,0,0,0,0,4,0,0,24,1,1,0,1,1,1,0,0
727,0,0,12,2,0,0,0,1,0,0,1,1,4,0,0,1,0,0,3,0,1,33,0,0,1,1,1,1,1,0
1237,0,1,8,2,0,0,1,0,0,0,0,2,3,0,0,0,0,0,4,1,0,24,0,0,1,1,2,1,0,0
276,1,1,9,2,1,0,0,0,0,0,0,2,4,0,0,1,0,0,4,1,0,22,0,1,0,1,1,1,0,0
5381,1,1,48,2,0,0,0,0,0,0,4,0,3,0,1,0,0,0,4,0,1,40,1,0,0,1,0,1,1,0
5511,1,3,24,2,0,0,1,0,0,0,1,2,4,0,1,0,0,0,1,0,0,25,1,0,1,1,2,1,0,0
3749,1,2,24,2,0,0,1,0,0,0,0,1,2,0,0,0,0,0,4,0,0,26,0,0,1,1,2,1,0,0
685,0,1,12,2,1,0,0,0,0,0,0,3,2,0,0,1,0,0,3,0,0,25,1,0,1,1,1,1,0,0
1494,1,2,4,2,1,0,0,0,0,0,4,1,1,0,1,0,0,0,2,1,0,29,0,0,1,1,1,2,0,1
2746,0,0,36,1,0,0,1,0,0,0,0,4,4,0,1,0,0,0,4,0,0,31,1,0,1,1,2,1,0,0
708,1,0,12,2,0,0,1,0,0,0,0,2,2,0,1,0,0,1,3,0,0,38,0,0,1,1,1,2,0,0
4351,1,1,24,2,0,0,1,0,0,0,4,2,1,0,0,0,0,0,4,0,0,48,0,0,1,1,1,1,1,0
701,1,3,12,4,0,0,0,0,1,0,0,2,4,0,1,0,0,0,2,0,0,32,0,0,1,2,2,1,0,0
3643,1,0,15,3,0,0,1,0,0,0,0,4,1,0,0,0,0,0,4,0,0,27,0,0,1,2,1,1,0,0
4249,0,1,30,4,1,0,0,0,0,0,0,0,4,0,0,1,0,0,2,0,0,28,0,0,1,2,3,1,0,0
1938,0,0,24,2,0,0,0,1,0,0,0,1,4,1,0,0,0,0,3,0,0,32,0,0,1,1,2,1,0,0
2910,1,0,24,2,0,1,0,0,0,0,0,3,2,0,1,0,0,0,1,0,1,34,0,0,0,1,3,1,1,0
2659,1,0,18,2,0,0,1,0,0,0,3,2,4,0,1,0,0,0,2,0,0,28,0,0,1,1,2,1,0,0
1028,1,3,18,4,1,0,0,0,0,0,0,2,4,0,0,0,0,0,3,1,0,36,0,0,1,2,2,1,0,0
3398,1,0,8,4,1,0,0,0,0,0,0,3,1,0,1,0,0,0,4,1,0,39,0,0,1,2,1,1,0,1
5801,1,3,12,4,0,0,1,0,0,0,4,4,2,0,1,0,0,0,4,0,0,49,0,1,0,1,2,1,1,0
1525,1,3,24,2,1,0,0,0,0,0,3,3,4,0,0,0,0,0,3,0,0,34,0,0,1,1,2,2,1,0
4473,1,2,36,2,0,0,0,1,0,0,0,4,4,0,1,0,0,0,2,0,0,31,0,0,1,1,2,1,0,0
1068,1,1,6,2,0,0,0,1,0,0,0,4,4,0,1,0,0,0,4,0,0,28,0,0,1,1,2,2,0,0
6615,1,0,24,4,0,1,0,0,0,0,0,0,2,0,1,0,0,0,4,0,1,75,0,0,0,2,3,1,1,0
1864,0,3,18,4,0,0,0,0,1,0,1,2,4,0,0,0,0,0,2,1,0,30,0,0,1,2,2,1,0,0
7408,0,1,60,2,1,0,0,0,0,0,1,1,4,0,0,0,0,0,2,0,0,24,0,0,1,1,3,1,0,0
11590,0,3,48,4,0,1,0,0,0,0,1,2,2,0,0,0,0,0,4,0,0,24,1,1,0,2,1,1,0,0
4110,0,0,24,0,0,0,1,0,0,0,0,4,3,0,1,0,0,0,4,0,1,23,1,1,0,2,2,2,0,0
3384,0,0,6,4,0,0,1,0,0,0,0,2,1,1,0,0,0,0,4,1,0,44,0,1,0,1,3,1,1,0
2101,1,1,13,2,0,0,0,1,0,0,0,1,2,0,0,0,0,1,4,0,0,23,0,0,1,1,1,1,0,0
1275,0,0,15,2,0,0,0,0,0,0,4,2,4,0,0,0,0,0,2,0,0,24,0,1,0,1,2,1,0,0
4169,1,0,24,2,0,0,1,0,0,0,0,2,4,0,1,0,0,0,4,0,0,28,0,0,1,1,2,1,0,0
1521,1,1,10,2,0,0,1,0,0,0,0,2,4,1,0,0,0,0,2,0,0,31,0,0,1,1,1,1,0,0
5743,1,1,24,4,0,0,0,0,1,0,0,1,2,0,0,0,0,0,4,0,1,24,0,0,0,2,2,1,1,0
3599,1,0,21,2,0,0,1,0,0,0,0,3,1,0,0,0,0,0,4,0,0,26,0,1,0,1,1,1,0,0
3213,1,1,18,2,0,0,0,1,0,0,2,1,1,0,0,1,0,0,3,1,0,25,0,1,0,1,2,1,0,0
4439,1,1,18,2,0,0,0,0,0,1,0,4,1,0,1,0,1,0,1,1,0,33,1,0,1,1,3,1,1,0
3949,1,2,10,2,1,0,0,0,0,0,0,1,1,0,1,0,0,1,1,0,0,37,0,0,1,1,1,2,0,0
1459,1,3,15,4,0,0,0,1,0,0,0,2,4,0,0,0,0,0,2,0,0,43,0,0,1,1,1,1,0,0
882,1,1,13,4,0,0,0,1,0,0,0,1,4,0,1,0,0,1,4,1,0,23,0,0,1,2,2,1,0,0
3758,1,1,24,2,0,0,0,1,0,0,2,0,1,0,0,0,0,0,4,0,1,23,0,1,0,1,0,1,0,0
1743,1,3,6,3,0,0,0,0,0,1,1,2,1,0,1,0,0,0,2,1,0,34,0,0,1,2,1,1,0,0
1136,0,1,9,4,0,0,0,0,1,0,3,4,4,0,1,0,0,0,3,0,1,32,0,0,0,2,2,2,0,0
1236,1,3,9,2,0,0,0,0,0,0,0,1,1,0,0,0,0,0,4,1,0,23,0,1,0,1,2,1,1,0
959,0,1,9,2,0,0,1,0,0,0,0,2,1,0,0,0,0,0,2,0,0,29,0,0,1,1,2,1,0,1
3229,1,3,18,4,0,1,0,0,0,0,4,0,2,0,1,0,0,0,4,0,1,38,0,0,1,1,3,1,1,0
6199,0,0,12,0,0,0,0,1,0,0,0,2,4,0,1,0,0,0,2,0,0,28,0,1,0,2,2,1,1,0
727,1,3,10,2,0,0,0,0,1,0,2,4,4,0,1,0,0,0,4,0,1,46,0,0,0,1,2,1,1,0
1246,0,1,24,2,1,0,0,0,0,0,0,1,4,0,1,0,0,0,2,1,0,23,1,0,1,1,1,1,0,0
2331,1,3,12,4,0,0,0,1,0,0,4,4,1,0,1,0,1,0,4,1,0,49,0,0,1,1,2,1,1,0
4463,0,3,36,3,0,0,0,1,0,0,0,2,4,0,1,0,0,0,2,0,0,26,0,0,1,2,3,1,1,0
776,1,3,12,2,0,0,0,1,0,0,0,2,4,0,0,1,0,0,2,1,0,28,0,0,1,1,2,1,0,0
2406,0,0,30,2,0,0,1,0,0,0,0,3,4,0,0,0,0,0,4,1,0,23,0,1,0,1,2,1,0,0
1239,1,1,18,2,0,0,0,0,1,0,4,2,4,0,1,0,0,0,4,0,1,61,0,0,0,1,2,1,0,0
3399,1,2,12,2,0,0,0,1,0,0,4,4,2,0,1,0,0,0,3,0,0,37,0,0,1,1,3,1,0,0
2247,1,2,12,3,1,0,0,0,0,0,0,2,2,0,0,0,0,0,2,0,0,36,1,0,1,2,2,1,1,0
1766,1,3,6,2,0,0,1,0,0,0,0,2,1,0,0,1,0,0,2,0,0,21,0,1,0,1,2,1,0,0
2473,0,0,18,2,0,0,1,0,0,0,0,0,4,0,1,0,0,0,1,0,0,25,0,0,1,1,0,1,0,0
1542,1,3,12,2,0,0,0,0,0,1,0,3,2,0,1,0,0,0,4,0,0,36,0,0,1,1,2,1,1,0
3850,1,3,18,4,0,1,0,0,0,0,0,3,3,0,1,0,0,0,1,0,0,27,0,0,1,2,2,1,0,0
3650,1,0,18,2,0,0,1,0,0,0,0,1,1,0,0,0,0,0,4,0,0,22,0,1,0,1,2,1,0,0
3446,0,0,36,2,0,0,1,0,0,0,0,4,4,0,1,0,0,0,2,0,0,42,0,0,1,1,2,2,0,0
3001,1,1,18,2,0,0,1,0,0,0,0,3,2,0,0,0,0,0,4,1,0,40,0,1,0,1,2,1,0,0
3079,1,3,36,2,1,0,0,0,0,0,4,2,4,0,1,0,0,0,4,1,0,36,0,0,1,1,2,1,0,0
6070,1,3,18,4,0,0,0,1,0,0,0,4,3,0,1,0,0,0,4,0,0,33,0,0,1,2,2,1,1,0
2146,1,3,10,4,0,0,1,0,0,0,0,1,1,0,0,0,0,0,3,1,0,23,0,1,0,2,2,1,0,0
13756,1,3,60,4,1,0,0,0,0,0,4,4,2,0,1,0,0,0,4,0,1,63,1,0,0,1,3,1,1,0
14782,0,1,60,1,0,0,0,0,0,0,1,4,3,0,0,0,0,0,4,0,1,60,1,0,0,2,3,1,1,0
7685,0,0,48,1,0,0,0,0,0,1,0,3,2,0,0,0,0,1,4,0,0,37,0,1,0,1,2,1,0,0
2320,1,3,18,3,0,0,0,1,0,0,0,0,2,0,0,1,0,0,3,1,0,34,0,0,1,2,2,1,0,0
846,1,3,7,3,0,0,0,1,0,0,4,4,3,0,1,0,0,0,4,0,1,36,0,0,0,1,2,1,0,0
14318,0,1,36,2,1,0,0,0,0,0,0,4,4,0,1,0,0,0,2,0,1,57,0,0,0,1,3,1,1,0
362,1,3,6,4,1,0,0,0,0,0,1,2,4,0,0,0,0,0,4,0,0,52,0,0,1,2,1,1,0,0
2212,1,0,20,2,0,0,1,0,0,0,4,3,4,0,1,0,0,0,4,0,0,39,0,0,1,1,2,1,1,0
12976,0,1,18,2,0,1,0,0,0,0,0,0,3,0,0,0,0,0,4,0,1,38,0,0,0,1,3,1,1,0
1283,1,3,22,2,1,0,0,0,0,0,4,3,4,0,0,0,0,0,4,0,0,25,0,1,0,1,2,1,0,0
1330,1,2,12,2,1,0,0,0,0,0,0,1,4,0,1,0,0,0,1,1,0,26,0,0,1,1,2,1,0,0
4272,1,3,30,3,0,0,0,0,0,1,1,2,2,0,1,0,0,0,2,0,0,26,0,0,1,2,1,1,0,0
2238,1,3,18,4,0,0,0,1,0,0,0,2,2,0,0,0,0,0,1,0,0,25,0,0,1,2,2,1,0,0
1126,1,3,18,2,0,0,0,1,0,0,4,1,4,0,0,0,0,0,2,1,0,21,0,1,0,1,2,1,1,0
7374,1,1,18,4,0,0,1,0,0,0,0,0,4,0,1,0,0,0,4,0,0,40,1,0,1,2,3,1,1,0
2326,1,1,15,4,0,0,0,0,0,1,2,2,2,0,1,0,0,0,4,0,0,27,1,0,1,1,2,1,0,0
1449,1,3,9,2,0,0,0,0,0,1,0,3,3,0,0,0,0,0,2,0,0,27,0,0,1,2,2,1,0,0
1820,1,3,18,2,1,0,0,0,0,0,0,2,2,0,0,1,0,0,2,0,0,30,0,0,1,1,3,1,1,0
983,1,1,12,2,0,0,1,0,0,0,3,1,1,0,0,0,0,0,4,1,0,19,0,1,0,1,1,1,0,0
3249,1,0,36,2,1,0,0,0,0,0,0,3,2,0,1,0,0,0,4,0,1,39,1,0,0,1,3,2,1,0
1957,1,0,6,4,0,0,0,1,0,0,0,3,1,0,0,0,0,0,4,0,0,31,0,0,1,1,2,1,0,0
2406,1,3,9,4,0,0,1,0,0,0,0,0,2,0,1,0,0,0,3,0,0,31,0,0,1,1,3,1,0,0
11760,1,1,39,3,0,0,0,0,1,0,1,3,2,0,1,0,0,0,3,0,1,32,0,1,0,1,2,1,1,0
2578,1,0,12,2,0,0,1,0,0,0,0,0,3,0,0,0,0,0,4,0,1,55,0,0,0,1,3,1,0,0
2348,1,0,36,4,0,0,1,0,0,0,0,2,3,0,0,1,0,0,2,0,0,46,0,0,1,2,2,1,1,0
1223,0,1,12,2,1,0,0,0,0,0,0,4,1,1,0,0,0,0,1,1,0,46,0,1,0,2,2,1,0,0
1516,1,3,24,4,0,0,0,1,0,0,3,2,4,0,0,0,0,0,1,1,0,43,0,0,1,2,1,1,0,0
1473,1,3,18,2,0,0,0,1,0,0,0,1,3,0,0,1,0,0,4,1,0,39,0,0,1,1,2,1,1,0
1887,1,1,18,4,0,0,0,0,0,1,4,2,4,0,0,1,0,0,4,1,0,28,1,0,1,2,2,1,0,0
8648,0,3,24,3,0,0,0,0,0,1,0,1,2,0,1,0,0,0,2,0,0,27,1,0,1,2,2,1,1,0
802,1,3,14,3,1,0,0,0,0,0,0,2,4,0,1,0,0,0,2,0,0,27,0,0,1,2,1,1,0,0
2899,1,1,18,3,1,0,0,0,0,0,4,4,4,0,1,0,0,0,4,0,0,43,0,0,1,1,2,2,0,0
2039,0,1,24,2,0,0,0,1,0,0,0,1,1,0,0,1,0,0,1,0,0,22,0,0,1,1,2,1,1,0
2197,1,3,24,4,0,1,0,0,0,0,4,3,4,0,1,0,0,0,4,0,0,43,0,0,1,2,2,2,1,0
1053,1,0,15,2,0,0,0,1,0,0,0,1,4,0,0,1,0,0,2,1,0,27,0,0,1,1,2,1,0,1
3235,1,3,24,2,0,0,0,1,0,0,2,4,3,1,0,0,0,0,2,0,0,26,0,0,1,1,3,1,1,0
939,0,2,12,4,1,0,0,0,0,0,2,3,4,0,0,1,0,0,2,1,0,28,0,0,1,3,2,1,1,0
1967,1,1,24,2,0,0,0,1,0,0,0,4,4,0,0,0,0,0,4,0,0,20,0,0,1,1,2,1,1,0
7253,1,3,33,4,0,1,0,0,0,0,0,3,3,0,1,0,0,0,2,0,0,35,0,0,1,2,3,1,1,0
2292,0,3,12,4,0,0,0,0,0,1,0,0,4,0,1,0,0,0,2,0,0,42,1,0,1,2,3,1,1,0
1597,1,3,10,2,1,0,0,0,0,0,2,2,3,0,1,0,0,0,2,0,1,40,0,1,0,1,1,2,0,1
1381,0,0,24,2,1,0,0,0,0,0,4,2,4,0,0,0,0,0,2,0,0,35,0,0,1,1,2,1,0,0
5842,1,3,36,4,0,1,0,0,0,0,0,4,2,0,1,0,0,0,2,0,0,35,0,0,1,2,2,2,1,0
2579,0,0,12,2,1,0,0,0,0,0,0,1,4,0,1,0,0,0,1,1,0,33,0,0,1,1,1,2,0,0
8471,1,0,18,3,0,0,0,0,1,0,4,2,1,0,0,0,0,0,2,0,0,23,0,1,0,2,2,1,1,0
2782,1,3,21,2,1,0,0,0,0,0,2,3,1,0,0,0,0,0,2,0,0,31,1,0,1,1,3,1,0,0
1042,0,1,18,2,1,0,0,0,0,0,4,2,4,0,0,0,0,0,2,0,0,33,0,0,1,1,2,1,0,0
3186,1,3,15,2,1,0,0,0,0,0,3,3,2,0,0,0,0,0,3,0,0,20,0,1,0,1,2,1,0,0
2028,1,1,12,2,0,1,0,0,0,0,4,2,4,0,1,0,0,0,2,0,0,30,0,0,1,1,2,1,0,0
958,1,1,12,4,1,0,0,0,0,0,0,3,2,0,1,0,0,0,3,1,0,47,0,0,1,2,1,2,0,0
1591,1,3,21,3,0,0,1,0,0,0,1,3,4,0,1,0,0,0,3,1,0,34,0,0,1,2,3,1,0,0
2762,0,1,12,2,0,0,1,0,0,0,4,4,1,0,0,0,0,0,2,0,0,25,1,0,1,1,2,1,1,0
2779,1,1,18,2,0,1,0,0,0,0,0,2,1,0,0,1,0,0,3,0,0,21,0,1,0,1,2,1,1,0
2743,1,3,28,4,0,0,0,1,0,0,0,4,4,0,1,0,0,0,2,0,0,29,0,0,1,2,2,1,0,0
1149,1,3,18,4,0,0,0,1,0,0,3,2,4,0,1,0,0,0,3,1,0,46,0,0,1,2,2,1,0,0
1313,1,3,9,2,0,0,1,0,0,0,0,4,1,0,1,0,0,0,4,0,0,20,0,0,1,1,2,1,0,0
1190,0,0,18,4,0,0,0,0,0,0,0,0,2,0,0,0,0,0,4,0,1,55,0,0,0,3,0,2,0,0
3448,1,3,5,2,0,0,0,0,0,1,0,3,1,0,1,0,0,0,4,1,0,74,0,0,1,1,1,1,0,0
11328,0,1,24,2,0,0,0,0,0,0,0,2,2,0,1,0,1,0,3,0,0,29,1,0,1,2,3,1,1,0
1872,1,0,6,4,0,0,1,0,0,0,0,0,4,0,1,0,0,0,4,0,1,36,0,0,0,3,3,1,1,0
2058,1,3,24,4,0,0,0,0,0,0,0,2,4,1,0,0,0,0,2,1,0,33,0,0,1,2,2,1,1,0
2136,1,0,9,2,0,0,1,0,0,0,0,2,3,0,1,0,0,0,2,1,0,25,0,0,1,1,2,1,0,0
1484,0,1,12,2,0,0,0,1,0,0,4,2,2,0,0,1,0,0,1,1,0,25,0,0,1,1,2,1,1,0
660,1,3,6,2,0,0,0,0,0,0,2,3,2,0,0,1,0,0,4,1,0,23,0,1,0,1,1,1,0,0
1287,1,3,24,4,1,0,0,0,0,0,3,4,4,0,0,0,0,0,4,1,0,37,0,0,1,2,2,1,1,0
3394,1,0,42,4,0,0,0,0,0,0,0,0,4,0,1,0,1,0,4,0,0,65,0,0,1,2,0,1,0,0
609,0,2,12,1,0,0,0,0,0,1,0,1,4,0,0,0,0,0,1,1,0,26,0,0,1,1,0,1,0,0
1884,1,3,12,2,1,0,0,0,0,0,0,4,4,0,1,0,0,0,4,0,0,39,0,0,1,1,3,1,1,0
1620,1,0,12,2,0,0,1,0,0,0,0,2,2,0,0,0,1,0,3,0,0,30,0,0,1,1,2,1,0,0
2629,1,1,20,3,0,0,0,0,0,0,0,2,2,0,1,0,0,0,3,0,0,29,1,0,1,2,2,1,1,0
719,0,3,12,2,0,0,0,0,1,0,0,4,4,0,1,0,0,0,4,0,0,41,1,0,1,1,1,2,0,0
5096,0,1,48,4,0,0,1,0,0,0,0,2,2,0,0,0,0,0,3,0,0,30,0,0,1,1,3,1,1,0
1244,1,3,9,4,0,0,0,0,1,0,4,4,4,0,0,0,0,0,4,0,0,41,0,1,0,2,1,1,0,0
1842,0,0,36,2,1,0,0,0,0,0,0,1,4,0,0,0,0,0,4,0,0,34,0,0,1,1,2,1,1,0
2576,1,1,7,2,0,0,0,1,0,0,0,2,2,0,1,0,0,1,2,1,0,35,0,0,1,1,2,1,0,0
1424,1,2,12,2,0,0,1,0,0,0,4,4,3,0,0,0,0,0,4,1,0,55,0,0,1,1,3,1,1,0
1512,0,1,15,3,0,0,0,0,0,0,3,2,3,0,0,1,0,0,3,0,0,61,1,0,1,2,2,1,0,0
11054,1,3,36,4,0,1,0,0,0,0,4,2,4,0,1,0,0,0,2,0,0,30,0,0,1,1,3,1,1,0
518,1,3,6,2,0,0,0,1,0,0,0,2,3,0,0,0,0,0,1,1,0,29,0,0,1,1,2,1,0,0
2759,1,3,12,0,0,0,1,0,0,0,0,4,2,0,1,0,0,0,4,0,0,34,0,0,1,2,2,1,0,0
2670,1,3,24,2,0,1,0,0,0,0,0,4,4,0,1,0,0,0,4,0,0,35,0,0,1,1,3,1,1,0
4817,0,0,24,2,1,0,0,0,0,0,0,3,2,0,1,0,1,0,3,0,0,31,0,0,1,1,2,1,1,0
2679,1,3,24,2,0,1,0,0,0,0,0,1,4,0,0,0,0,0,1,0,1,29,0,0,1,1,3,1,1,0
3905,1,0,11,4,1,0,0,0,0,0,0,2,2,0,1,0,0,0,2,1,0,36,0,1,0,2,2,2,0,0
3386,0,0,12,2,0,1,0,0,0,0,0,4,3,0,1,0,0,0,4,0,1,35,0,0,0,1,2,1,1,0
343,1,0,6,2,0,0,0,0,0,0,0,1,4,0,0,0,0,0,1,1,0,27,0,0,1,1,2,1,0,0
4594,1,3,18,2,0,0,0,1,0,0,0,1,3,0,1,0,0,0,2,0,0,32,0,0,1,1,2,1,1,0
3620,1,0,36,2,0,0,1,0,0,0,0,2,1,0,1,0,0,1,2,0,0,37,0,0,1,1,2,2,0,0
1721,1,0,15,2,1,0,0,0,0,0,0,1,2,0,1,0,0,0,3,1,0,36,0,0,1,1,2,1,0,0
3017,1,1,12,2,0,0,1,0,0,0,0,1,3,0,0,0,0,0,1,1,0,34,0,1,0,1,3,1,0,0
754,1,1,12,2,0,0,0,0,0,0,4,4,4,0,1,0,0,0,4,0,0,38,0,0,1,2,2,1,0,0
1950,1,3,18,2,0,0,0,0,0,1,0,3,4,0,1,0,0,0,1,0,0,34,1,0,1,2,2,1,1,0
2924,1,0,24,2,0,1,0,0,0,0,0,2,3,0,1,0,0,1,4,0,1,63,1,0,1,1,2,2,1,0
1659,0,0,24,3,0,0,0,1,0,0,0,1,4,0,0,0,0,0,2,0,0,29,0,1,0,1,1,1,1,0
7238,1,3,48,3,0,0,0,1,0,0,4,4,3,0,1,0,0,0,3,0,0,32,1,0,1,2,2,2,0,0
2764,1,3,33,3,0,0,0,0,0,1,0,2,2,0,0,0,0,0,2,0,0,26,0,0,1,2,2,1,1,0
4679,1,3,24,3,0,1,0,0,0,0,0,3,3,0,1,0,0,0,3,0,0,35,0,0,1,2,1,1,1,0
3092,0,1,24,2,0,0,0,1,0,0,1,1,3,0,0,1,0,0,2,0,0,22,0,1,0,1,2,1,1,0
448,0,0,6,2,0,0,0,0,1,0,0,1,4,0,0,0,0,0,4,0,0,23,0,0,1,1,2,1,0,0
654,0,0,9,2,1,0,0,0,0,0,0,2,4,0,1,0,0,0,3,0,0,28,0,0,1,1,1,1,0,0
1238,1,3,6,2,0,0,0,0,0,0,4,0,4,0,1,0,0,0,4,0,0,36,0,0,1,1,3,2,1,0
1245,0,1,18,4,0,0,0,1,0,0,0,2,4,0,0,1,0,0,2,0,0,33,0,0,1,1,2,1,0,0
3114,0,0,18,0,0,0,1,0,0,0,0,1,1,0,0,0,0,0,4,0,0,26,0,1,0,1,2,1,0,0
2569,1,3,39,2,0,1,0,0,0,0,2,2,4,0,1,0,0,0,4,0,0,24,0,0,1,1,2,1,0,0
5152,1,2,24,2,0,0,0,1,0,0,0,3,4,0,1,0,0,0,2,0,0,25,1,0,1,1,2,1,0,0
1037,1,1,12,2,0,0,0,0,0,1,1,3,3,0,1,0,0,0,4,1,0,39,0,0,1,1,1,1,0,0
1478,1,0,15,4,0,0,1,0,0,0,0,4,4,0,1,0,0,0,4,0,0,44,0,0,1,2,2,2,1,0
3573,1,1,12,4,0,0,0,1,0,0,0,2,1,0,0,0,0,0,1,1,0,23,0,0,1,1,1,1,0,0
1201,1,1,24,2,1,0,0,0,0,0,0,1,4,0,1,0,0,0,1,0,0,26,0,0,1,1,2,1,0,0
3622,1,0,30,2,0,0,1,0,0,0,3,4,4,0,0,0,0,0,4,0,0,57,0,1,0,2,2,1,1,0
960,1,3,15,3,0,0,1,0,0,0,3,3,3,0,0,0,0,0,2,0,0,30,0,0,1,2,2,1,0,0
1163,1,3,12,4,1,0,0,0,0,0,2,2,4,0,1,0,0,0,4,1,0,44,0,0,1,1,2,1,1,0
1209,0,1,6,3,1,0,0,0,0,0,0,0,4,0,1,0,0,0,4,0,0,47,0,0,1,1,3,1,1,0
3077,1,3,12,2,0,0,0,1,0,0,0,2,2,0,1,0,0,0,4,0,0,52,0,0,1,1,2,1,1,0
3757,1,3,24,2,1,0,0,0,0,0,0,4,4,0,0,0,1,0,4,0,1,62,0,0,0,1,2,1,1,0
1418,1,3,10,2,1,0,0,0,0,0,1,2,3,0,1,0,0,0,2,1,0,35,0,1,0,1,1,1,0,1
3518,1,3,6,2,1,0,0,0,0,0,0,2,2,0,1,0,0,1,3,0,0,26,0,1,0,1,2,1,0,0
1934,1,3,12,4,0,0,0,1,0,0,0,4,2,0,1,0,0,0,2,0,1,26,0,0,1,2,2,1,0,0
8318,0,1,27,0,0,0,0,0,0,1,0,4,2,0,0,0,0,0,4,0,1,42,0,0,0,2,3,1,1,0
1237,1,3,6,4,0,0,0,1,0,0,1,2,1,0,0,0,0,0,1,0,0,27,0,0,1,2,2,1,0,0
368,1,1,6,2,0,0,0,1,0,0,4,4,4,0,1,0,0,0,4,0,0,38,0,0,1,1,2,1,0,0
2122,1,0,12,4,1,0,0,0,0,0,0,2,3,0,1,0,0,0,2,1,0,39,0,1,0,2,1,2,0,1
2996,0,0,24,2,0,0,1,0,0,0,4,2,2,0,0,1,0,0,4,0,0,20,0,0,1,1,2,1,0,0
9034,0,1,36,2,0,0,1,0,0,0,1,1,4,0,1,0,1,0,1,0,1,29,0,1,0,1,3,1,1,0
1585,1,3,24,4,0,0,1,0,0,0,0,3,4,0,1,0,0,0,3,0,0,40,0,0,1,2,2,1,0,0
1301,1,1,18,2,0,0,0,1,0,0,0,4,4,0,0,1,0,1,2,1,0,32,0,0,1,1,1,1,0,0
1323,1,2,6,4,1,0,0,0,0,0,1,4,2,1,0,0,0,0,4,0,0,28,0,0,1,2,2,2,1,0
3123,0,0,24,2,1,0,0,0,0,0,0,1,4,0,0,0,0,0,1,0,0,27,0,0,1,1,2,1,0,0
5493,1,0,36,2,0,1,0,0,0,0,0,4,2,0,1,0,0,0,4,0,1,42,0,0,0,1,2,2,0,0
1126,1,2,9,2,0,0,0,1,0,0,1,4,2,1,0,0,0,0,4,1,0,49,0,0,1,1,2,1,0,0
1216,0,1,24,4,0,0,0,1,0,0,1,1,4,0,1,0,0,0,4,0,1,38,1,0,1,2,2,2,0,0
1207,0,0,24,2,1,0,0,0,0,0,0,1,4,0,0,0,0,0,4,0,0,24,0,1,0,1,2,1,0,0
1309,0,3,10,2,1,0,0,0,0,0,4,2,4,0,1,0,0,1,4,0,0,27,0,0,1,1,1,1,0,0
2360,1,2,15,4,0,1,0,0,0,0,2,2,2,0,1,0,0,0,2,0,0,36,0,0,1,1,2,1,1,0
6850,0,1,15,1,1,0,0,0,0,0,1,0,1,0,1,0,0,0,2,0,0,34,0,0,1,1,3,2,1,0
1413,1,3,24,2,0,0,0,1,0,0,0,2,4,0,0,1,0,0,2,0,0,28,0,0,1,1,2,1,0,0
8588,1,3,39,2,0,1,0,0,0,0,1,4,4,0,1,0,0,0,2,0,0,45,0,0,1,1,3,1,1,0
759,0,0,12,2,1,0,0,0,0,0,0,3,4,0,1,0,0,0,2,1,0,26,0,0,1,1,2,1,0,0
4686,1,3,36,2,0,1,0,0,0,0,0,2,2,0,1,0,0,0,2,0,1,32,0,0,0,1,3,1,1,0
2687,1,2,15,2,0,0,0,0,0,1,0,3,2,0,1,0,0,0,4,0,0,26,0,1,0,1,2,1,1,0
585,1,1,12,3,0,0,0,1,0,0,0,2,4,0,0,1,1,0,4,1,0,20,0,1,0,2,2,1,0,0
2255,1,3,24,2,1,0,0,0,0,0,4,1,4,0,1,0,0,0,1,0,0,54,0,0,1,1,2,1,0,0
609,1,0,6,4,1,0,0,0,0,0,0,3,4,0,0,0,0,0,3,0,0,37,0,0,1,2,2,1,0,1
1361,1,0,6,4,1,0,0,0,0,0,0,1,2,0,1,0,0,0,4,1,0,40,0,0,1,1,1,2,0,1
7127,0,3,36,4,0,0,1,0,0,0,0,1,2,0,0,0,0,0,4,0,0,23,0,1,0,2,2,1,1,0
1203,1,0,6,2,1,0,0,0,0,0,1,4,3,0,1,0,0,0,2,0,0,43,0,0,1,1,2,1,1,0
700,1,3,6,4,0,0,0,1,0,0,4,4,4,0,1,0,0,0,4,0,1,36,0,0,0,2,2,1,0,0
5507,1,3,24,4,0,0,0,0,0,0,0,4,3,0,1,0,0,0,4,0,1,44,0,0,0,2,2,1,0,0
3190,0,0,18,2,0,0,0,1,0,0,0,2,2,0,0,0,0,0,2,1,0,24,0,0,1,1,2,1,0,0
7119,0,0,48,0,0,0,1,0,0,0,0,2,3,0,1,0,0,0,4,0,1,53,0,0,0,2,2,2,0,0
3488,1,3,24,2,0,1,0,0,0,0,1,3,3,0,0,0,0,0,4,0,0,23,0,0,1,1,2,1,0,0
1113,1,1,18,2,0,0,0,1,0,0,0,2,4,0,0,0,0,1,4,1,0,26,0,0,1,1,1,2,0,0
7966,1,1,26,2,0,1,0,0,0,0,0,1,2,0,1,0,0,0,3,0,0,30,0,0,1,2,2,1,0,0
1532,1,3,15,4,0,0,0,0,1,0,1,2,4,0,0,0,0,0,3,0,0,31,0,0,1,1,2,1,0,0
1503,1,3,4,4,0,0,0,1,0,0,0,3,2,0,1,0,0,0,1,1,0,42,0,0,1,2,1,2,0,0
2302,0,0,36,2,0,0,0,1,0,0,0,2,4,1,0,0,0,0,4,0,0,31,0,1,0,1,2,1,0,0
662,1,0,6,2,1,0,0,0,0,0,0,1,3,0,1,0,0,0,4,1,0,41,0,0,1,1,1,2,1,0
2273,1,1,36,2,0,0,0,0,1,0,0,3,3,0,1,0,0,0,1,0,0,32,0,0,1,2,2,2,0,0
2631,0,1,15,2,1,0,0,0,0,0,1,2,2,0,0,0,0,0,4,0,0,28,0,1,0,2,2,1,1,0
1503,1,3,12,3,0,1,0,0,0,0,0,2,4,0,0,1,0,0,4,1,0,41,0,1,0,1,2,1,0,0
1311,1,3,24,2,0,0,0,1,0,0,1,3,4,0,0,1,0,0,3,0,0,26,0,0,1,1,2,1,1,0
3105,1,3,24,2,0,0,0,1,0,0,4,1,4,0,1,0,0,0,2,0,0,25,0,0,1,2,2,1,0,0
2319,0,2,21,4,0,0,0,0,1,0,0,1,2,1,0,0,0,0,1,0,0,33,0,1,0,1,2,1,0,0
1374,1,0,6,2,1,0,0,0,0,0,4,0,4,0,0,0,0,0,3,0,0,75,0,0,1,1,3,1,1,0
3612,1,1,18,4,0,0,1,0,0,0,0,4,3,0,0,0,0,0,4,0,0,37,0,0,1,1,2,1,1,0
7763,0,0,48,2,1,0,0,0,0,0,0,4,4,0,1,0,0,0,4,0,1,42,1,0,0,1,3,1,0,0
3049,1,2,18,2,0,0,1,0,0,0,0,1,1,0,0,0,0,0,1,0,0,45,1,0,1,1,1,1,0,0
1534,0,1,12,2,0,0,0,1,0,0,0,1,1,0,0,1,0,0,1,1,0,23,0,1,0,1,2,1,0,0
2032,1,3,24,3,1,0,0,0,0,0,0,4,4,0,1,0,0,0,4,0,1,60,0,0,0,2,2,1,1,0
6350,0,0,30,2,0,0,1,0,0,0,4,4,4,0,1,0,0,0,4,0,0,31,0,0,1,1,2,1,0,0
2864,0,2,18,2,0,0,1,0,0,0,0,2,2,0,1,0,0,0,1,1,0,34,0,0,1,1,1,2,0,0
1255,1,3,12,4,1,0,0,0,0,0,0,4,4,0,1,0,0,0,4,1,0,61,0,0,1,2,1,1,0,0
1333,0,0,24,3,1,0,0,0,0,0,0,0,4,0,1,0,0,0,2,1,0,43,0,0,0,2,2,2,0,0
2022,1,3,24,4,1,0,0,0,0,0,0,2,4,0,0,0,0,0,4,0,0,37,0,0,1,1,2,1,1,0
1552,1,3,24,2,0,0,0,1,0,0,0,3,3,0,1,0,0,0,1,0,0,32,1,0,1,1,2,2,0,0
626,0,0,12,1,0,0,0,1,0,0,0,2,4,0,0,0,0,0,4,1,0,24,1,0,1,1,1,1,0,0
8858,1,3,48,4,0,1,0,0,0,0,4,3,2,0,1,0,0,0,1,0,1,35,0,0,0,2,2,1,1,0
996,1,3,12,4,0,0,0,0,0,0,4,3,4,0,0,0,0,0,4,1,0,23,0,0,1,2,2,1,0,0
1750,1,3,6,1,0,0,0,1,0,0,2,4,2,0,1,0,0,0,4,0,0,45,1,0,1,1,1,2,0,0
6999,0,0,48,2,0,0,0,1,0,0,0,3,1,0,0,1,0,1,1,1,0,34,0,0,1,2,2,1,1,0
1995,1,1,12,4,1,0,0,0,0,0,1,1,4,0,1,0,0,0,1,0,0,27,0,0,1,1,2,1,0,0
1199,1,1,9,2,0,0,0,0,1,0,0,3,4,0,0,0,0,0,4,0,0,67,0,0,1,2,3,1,1,0
1331,0,1,12,2,0,0,0,1,0,0,0,1,2,0,1,0,0,0,1,0,0,22,1,0,1,1,2,1,0,0
2278,0,1,18,0,1,0,0,0,0,0,1,1,3,0,0,0,0,0,3,0,0,28,0,0,1,2,2,1,0,0
5003,0,3,21,0,1,0,0,0,0,0,4,2,1,0,0,0,0,0,4,0,0,29,1,0,1,2,2,1,1,0
3552,0,0,24,1,0,0,1,0,0,0,0,3,3,0,1,0,0,0,4,0,0,27,1,0,1,1,2,1,0,0
1928,0,1,18,4,0,0,1,0,0,0,0,1,2,0,1,0,0,0,2,1,0,31,0,0,1,2,1,1,0,0
2964,1,0,24,2,0,1,0,0,0,0,4,4,4,0,1,0,0,0,4,0,1,49,1,0,0,1,2,2,1,0
1546,0,0,24,1,0,0,0,1,0,0,0,3,4,0,1,0,0,1,4,0,0,24,1,1,0,1,1,1,0,0
683,1,2,6,3,0,0,0,1,0,0,0,1,2,0,0,0,0,0,1,0,0,29,1,0,1,1,2,1,0,0
12389,0,1,36,2,1,0,0,0,0,0,4,2,1,0,1,0,0,0,4,0,1,37,0,0,0,1,2,1,1,0
4712,1,1,24,3,0,0,0,0,0,1,4,2,4,0,1,0,0,0,2,0,0,37,1,0,1,2,3,1,1,0
1553,1,1,24,3,0,0,0,1,0,0,1,3,3,0,0,0,0,0,2,0,0,23,0,1,0,2,2,1,1,0
1372,0,0,12,2,1,0,0,0,0,0,0,3,2,1,0,0,0,0,3,0,0,36,0,0,1,1,2,1,0,0
2578,1,3,24,4,0,0,0,1,0,0,3,4,2,0,1,0,0,0,2,0,0,34,0,0,1,1,2,1,0,0
3979,1,1,48,2,0,0,0,1,0,0,4,3,4,0,1,0,0,0,1,0,0,41,0,0,1,2,2,2,1,0
6758,0,0,48,2,0,0,0,1,0,0,0,2,3,0,0,0,0,0,2,0,0,31,0,0,1,1,2,1,1,0
3234,0,0,24,2,0,0,1,0,0,0,0,1,4,0,0,0,0,0,4,1,0,23,0,1,0,1,1,1,1,0
5954,1,3,30,4,0,0,0,1,0,0,0,3,3,0,1,0,1,0,2,0,0,38,0,0,1,1,2,1,0,0
5433,1,3,24,2,0,1,0,0,0,0,4,0,2,0,0,0,0,0,4,0,0,26,0,1,0,1,3,1,1,0
806,1,0,15,2,0,0,0,0,0,1,0,2,4,0,0,0,0,0,4,0,0,22,0,0,1,1,1,1,0,0
1082,1,1,9,2,0,0,0,1,0,0,0,4,4,0,1,0,0,0,4,0,0,27,0,0,1,2,1,1,0,0
2788,1,3,15,4,0,0,1,0,0,0,0,3,2,0,0,0,1,0,3,0,0,24,1,0,1,2,2,1,0,0
2930,1,1,12,2,0,0,0,1,0,0,0,3,2,0,0,0,0,0,1,1,0,27,0,0,1,1,2,1,0,0
1927,1,3,24,4,0,0,0,0,1,0,4,2,3,0,0,0,0,0,2,0,0,33,0,0,1,2,2,1,1,0
2820,0,1,36,4,1,0,0,0,0,0,0,1,4,1,0,0,0,0,4,0,0,27,0,0,1,2,2,1,0,0
937,1,3,24,2,0,0,0,0,0,0,0,1,4,0,0,1,0,0,3,0,0,27,0,0,1,2,1,1,0,0
1056,0,1,18,4,1,0,0,0,0,0,0,4,3,0,1,0,0,1,3,1,0,30,1,0,1,2,2,1,0,0
3124,1,1,12,4,1,0,0,0,0,0,0,1,1,0,1,0,0,0,3,1,0,49,1,0,1,2,1,2,0,0
1388,1,3,9,2,0,0,1,0,0,0,0,2,4,0,0,0,0,0,2,1,0,26,0,1,0,1,2,1,0,0
2384,0,1,36,2,0,0,0,0,0,0,0,1,4,0,1,0,0,0,1,0,1,33,0,1,0,1,1,1,0,0
2133,1,3,12,2,1,0,0,0,0,0,4,4,4,0,0,0,0,0,4,0,1,52,0,0,0,1,3,1,1,0
2039,0,0,18,2,0,0,1,0,0,0,0,2,1,0,0,0,0,0,4,1,0,20,1,1,0,1,2,1,0,0
2799,1,0,9,4,1,0,0,0,0,0,0,2,2,0,1,0,0,0,2,1,0,36,0,1,0,2,2,2,0,0
1289,1,0,12,2,0,0,1,0,0,0,0,2,4,0,1,0,0,1,1,0,0,21,0,0,1,1,1,1,0,0
1217,0,0,18,2,0,0,0,0,0,0,0,2,4,0,0,1,0,0,3,1,0,47,0,0,1,1,1,1,1,0
2246,0,0,12,4,0,0,1,0,0,0,0,4,3,0,1,0,0,0,3,0,0,60,0,0,1,2,2,1,0,0
385,1,0,12,4,0,0,0,1,0,0,0,3,4,0,0,0,0,0,3,1,0,58,0,0,1,4,1,1,1,0
1965,1,1,24,3,1,0,0,0,0,0,4,2,4,0,0,0,0,0,4,0,0,42,0,1,0,2,2,1,1,0
1572,1,3,21,2,0,0,0,0,0,1,3,4,4,0,0,0,0,0,4,1,0,36,1,0,1,1,1,1,0,0
2718,0,1,24,2,1,0,0,0,0,0,0,2,3,0,0,0,0,0,4,0,0,20,0,1,0,1,1,1,1,0
1358,0,0,24,1,0,0,0,0,0,0,4,4,4,0,1,0,0,0,3,0,0,40,1,0,1,1,3,1,1,0
931,0,1,6,1,1,0,0,0,0,0,1,1,1,0,0,0,0,0,1,0,0,32,1,0,1,1,1,1,0,0
1442,0,0,24,2,1,0,0,0,0,0,0,3,4,0,0,0,0,0,4,0,0,23,0,1,0,2,2,1,0,0
4241,0,1,24,0,0,0,0,0,0,1,0,2,1,0,1,0,0,0,4,1,0,36,0,0,1,3,1,1,1,0
2775,0,3,18,4,1,0,0,0,0,0,0,3,2,0,1,0,0,0,2,0,0,31,1,0,1,2,2,1,0,0
3863,1,3,24,3,0,0,0,0,0,1,0,2,1,0,1,0,0,0,2,0,1,32,0,0,0,1,2,1,0,0
2329,1,1,7,2,0,0,0,1,0,0,0,1,1,0,0,0,0,1,1,1,0,45,0,0,1,1,2,1,0,0
918,0,1,9,2,0,0,1,0,0,0,0,2,4,0,0,0,0,0,1,0,0,30,0,0,1,1,2,1,0,0
1837,0,1,24,1,0,0,0,0,1,0,0,3,4,0,0,0,0,0,4,0,1,34,1,0,0,1,1,1,0,0
3349,0,3,36,2,0,0,1,0,0,0,0,2,4,0,0,0,0,0,2,0,0,28,0,0,1,1,3,1,1,0
1275,1,2,10,2,0,0,1,0,0,0,0,1,4,0,0,0,0,0,2,0,0,23,0,0,1,1,2,1,0,0
2828,1,0,24,1,0,0,1,0,0,0,2,2,4,0,1,0,0,0,4,1,0,22,1,0,1,1,2,1,1,0
4526,1,3,24,4,0,0,0,0,0,1,0,2,3,0,1,0,0,0,2,1,0,74,0,0,1,1,3,1,1,0
2671,0,1,36,2,0,0,0,1,0,0,1,2,4,0,0,0,1,0,4,0,1,50,0,0,0,1,2,1,0,0
2051,1,3,18,2,0,0,0,1,0,0,0,1,4,0,1,0,0,0,1,1,0,33,0,0,1,1,2,1,0,0
1300,1,3,15,2,0,1,0,0,0,0,4,4,4,0,1,0,0,0,4,0,1,45,1,0,0,1,2,2,0,0
741,0,0,12,2,0,0,0,0,0,0,1,0,4,0,0,0,0,0,3,0,0,22,0,0,1,1,2,1,0,0
1240,0,2,10,2,1,0,0,0,0,0,1,4,1,0,0,0,0,0,4,0,1,48,0,0,0,1,1,2,0,0
3357,1,0,21,2,0,0,0,1,0,0,3,1,4,0,0,0,0,0,2,0,0,29,1,0,1,1,2,1,0,0
3632,1,0,24,1,0,1,0,0,0,0,0,2,1,0,0,0,0,1,4,0,0,22,1,1,0,1,2,1,0,1
1808,0,3,18,3,0,0,1,0,0,0,0,3,4,0,0,0,0,0,1,1,0,22,0,0,1,1,2,1,0,0
12204,1,1,48,0,0,0,0,0,0,1,4,2,2,0,1,0,0,0,2,0,0,48,1,0,1,1,3,1,1,0
9157,1,1,60,3,0,0,0,1,0,0,4,2,2,0,1,0,0,0,2,0,1,27,0,0,0,1,3,1,0,0
3676,1,0,6,4,1,0,0,0,0,0,0,2,1,0,1,0,0,0,3,1,0,37,0,1,0,3,2,2,0,0
3441,0,1,30,2,0,0,1,0,0,0,1,2,2,0,0,0,1,0,4,0,0,21,0,1,0,1,2,1,0,0
640,1,3,12,2,1,0,0,0,0,0,0,2,4,1,0,0,0,0,2,1,0,49,0,0,1,1,1,1,0,0
3652,1,1,21,4,0,0,0,0,0,1,0,3,2,0,1,0,0,0,3,0,0,27,0,0,1,2,2,1,0,0
1530,0,3,18,4,1,0,0,0,0,0,0,2,3,0,1,0,0,0,2,0,0,32,1,0,1,2,2,1,0,0
3914,0,3,48,2,0,0,0,0,0,1,4,2,4,1,0,0,0,0,2,1,0,38,1,0,1,1,2,1,0,0
1858,1,0,12,2,0,0,1,0,0,0,0,1,4,0,0,0,0,0,1,0,0,22,0,1,0,1,2,1,0,0
2600,0,0,18,2,0,0,0,1,0,0,0,2,4,0,1,0,0,0,4,0,1,65,0,0,0,2,2,1,0,0
1979,1,3,15,2,0,0,0,1,0,0,4,4,4,0,1,0,0,0,2,0,0,35,0,0,1,1,2,1,0,0
2116,1,2,6,2,0,0,1,0,0,0,0,2,2,0,1,0,0,0,2,1,0,41,0,0,1,1,2,1,1,0
1437,0,1,9,1,1,0,0,0,0,0,1,3,2,0,1,0,0,0,3,0,1,29,0,0,1,1,2,1,0,0
4042,1,3,42,4,0,0,1,0,0,0,2,2,4,0,1,0,0,0,4,1,0,36,0,0,1,2,2,1,1,0
3832,1,3,9,2,0,0,0,0,1,0,4,4,1,0,1,0,0,0,4,1,0,64,0,0,1,1,1,1,0,0
3660,1,0,24,2,0,0,0,1,0,0,0,2,2,0,0,0,0,0,4,0,0,28,0,0,1,1,2,1,0,0
1553,0,0,18,1,0,0,1,0,0,0,0,2,4,0,1,0,0,0,3,0,0,44,1,0,1,1,2,1,0,0
1444,1,1,15,2,0,0,0,1,0,0,4,1,4,0,1,0,0,0,1,0,0,23,0,0,1,1,2,1,0,0
1980,0,3,9,2,0,0,1,0,0,0,0,1,2,0,0,0,1,0,2,0,0,19,0,1,0,2,2,1,0,0
1355,0,1,24,2,1,0,0,0,0,0,0,1,3,0,0,0,0,0,4,0,0,25,0,0,1,1,1,1,1,0
1393,1,3,12,2,0,0,0,0,1,0,0,4,4,0,1,0,0,0,4,0,0,47,1,0,1,3,2,2,1,0
1376,1,3,24,2,0,0,0,1,0,0,2,3,4,0,0,0,0,0,1,0,0,28,0,0,1,1,2,1,0,0
15653,1,3,60,3,0,0,0,1,0,0,0,3,2,0,1,0,0,0,4,0,0,21,0,0,1,2,2,1,1,0
1493,1,3,12,2,0,0,0,1,0,0,0,1,4,0,0,0,0,0,3,0,0,34,0,0,1,1,2,2,0,0
4370,0,0,42,3,0,0,0,1,0,0,0,3,3,0,1,0,0,0,2,0,0,26,1,0,1,2,2,2,1,0
750,0,0,18,2,0,0,0,0,1,0,0,0,4,0,0,0,0,0,1,1,0,27,0,0,1,1,0,1,0,0
1308,1,1,15,2,0,0,0,0,0,0,0,4,4,0,1,0,0,0,4,0,0,38,0,0,1,2,1,1,0,0
4623,0,3,15,2,0,0,0,0,1,0,1,2,3,0,1,0,0,0,2,0,0,40,0,0,1,1,3,1,1,0
1851,1,3,24,4,0,0,0,1,0,0,0,3,4,0,0,1,0,1,2,0,0,33,0,0,1,2,2,1,1,0
1880,1,0,18,4,0,0,0,1,0,0,0,3,4,0,0,1,0,0,1,0,0,32,0,0,1,2,3,1,1,0
7980,0,3,36,3,0,0,0,0,0,1,4,1,4,0,1,0,0,0,4,0,0,27,0,1,0,2,2,1,1,0
4583,1,0,30,0,0,0,1,0,0,0,0,2,2,1,0,0,0,1,2,1,0,32,0,0,1,2,2,1,0,0
1386,0,3,12,2,1,0,0,0,0,0,2,2,2,0,0,0,0,0,2,0,0,26,0,0,1,1,2,1,0,0
947,0,2,24,2,1,0,0,0,0,0,0,3,4,0,1,0,0,0,3,0,1,38,1,0,0,1,2,2,0,0
684,0,0,12,2,0,0,0,0,1,0,0,2,4,0,1,0,0,0,4,0,0,40,0,1,0,1,1,2,0,0
7476,1,0,48,2,0,0,0,0,1,0,0,3,4,0,1,0,0,0,1,0,1,50,0,0,0,1,3,1,1,0
1922,0,1,12,2,0,0,1,0,0,0,0,2,4,0,1,0,0,0,2,0,0,37,0,0,1,1,1,1,0,0
2303,0,0,24,2,1,0,0,0,0,0,0,4,4,0,1,0,1,0,1,1,0,45,0,0,1,1,2,1,0,0
8086,0,1,36,3,1,0,0,0,0,0,1,4,2,0,1,0,0,0,4,0,0,42,0,0,1,4,3,1,1,0
2346,1,3,24,4,0,1,0,0,0,0,0,3,4,0,1,0,0,0,3,0,0,35,0,0,1,2,2,1,1,0
3973,1,0,14,2,1,0,0,0,0,0,0,0,1,0,1,0,0,0,4,0,1,22,0,0,0,1,2,1,0,0
888,0,1,12,2,1,0,0,0,0,0,0,4,4,0,1,0,0,0,4,0,0,41,1,0,1,1,1,2,0,0
10222,1,3,48,2,0,0,0,1,0,0,4,3,4,0,1,0,0,0,3,0,0,37,1,0,1,1,2,1,1,0
4221,1,1,30,0,0,0,0,0,0,1,0,2,2,0,0,0,0,0,1,0,0,28,0,0,1,2,2,1,0,0
6361,1,1,18,4,0,0,1,0,0,0,0,4,2,0,1,0,0,0,1,0,1,41,0,0,1,1,2,1,1,0
1297,1,2,12,2,0,0,0,1,0,0,0,2,3,0,0,1,0,0,4,1,0,23,0,1,0,1,2,1,0,0
900,0,0,12,2,1,0,0,0,0,0,4,2,4,0,0,1,0,0,2,0,0,23,0,0,1,1,2,1,0,0
2241,1,3,21,2,0,0,1,0,0,0,0,4,4,0,1,0,0,0,2,1,0,50,0,0,1,2,2,1,0,0
1050,1,1,6,3,0,0,1,0,0,0,0,0,4,0,1,0,0,0,1,0,0,35,1,0,1,2,3,1,1,0
1047,1,2,6,4,0,0,0,0,1,0,0,2,2,0,0,0,0,0,4,0,0,50,0,0,1,1,1,1,0,0
6314,1,3,24,4,0,0,0,0,0,0,0,0,4,0,1,0,1,0,2,0,1,27,1,0,1,2,3,1,1,0
3496,1,1,30,1,0,0,1,0,0,0,3,2,4,0,1,0,0,0,2,0,0,34,1,0,1,1,2,2,1,0
3609,1,3,48,1,0,0,0,0,0,1,0,2,1,0,0,0,0,0,1,1,0,27,1,0,1,1,2,1,0,0
4843,0,0,12,4,1,0,0,0,0,0,0,4,3,0,1,0,1,0,4,0,0,43,0,1,0,2,2,1,1,0
3017,1,2,30,4,0,0,0,1,0,0,0,4,4,0,1,0,0,0,4,0,0,47,0,0,1,1,2,1,0,0
4139,1,3,24,4,0,0,0,0,0,1,1,2,3,0,1,0,0,0,3,0,0,27,0,0,1,2,1,1,1,0
5742,1,3,36,2,0,0,0,0,0,1,1,3,2,0,1,0,0,0,2,0,0,31,0,0,1,2,2,1,1,0
10366,1,3,60,2,1,0,0,0,0,0,0,4,2,0,1,0,0,0,4,0,0,42,0,0,1,1,3,1,1,0
2080,1,3,6,4,1,0,0,0,0,0,2,2,1,0,0,1,0,0,2,0,0,24,0,0,1,1,2,1,0,0
2580,0,3,21,3,0,0,0,0,0,1,2,1,4,0,1,0,0,0,2,1,0,41,1,0,1,1,1,2,0,0
4530,1,3,30,4,0,0,0,1,0,0,0,3,4,0,0,0,0,0,4,0,0,26,0,1,0,1,3,1,1,0
5150,1,3,24,4,0,0,1,0,0,0,0,4,4,0,1,0,0,0,4,0,0,33,0,0,1,1,2,1,1,0
5595,0,1,72,2,0,0,0,1,0,0,1,2,2,0,0,1,0,0,2,0,0,24,0,0,1,1,2,1,0,0
2384,1,0,24,2,0,0,0,1,0,0,0,4,4,0,1,0,0,0,4,1,0,64,1,1,0,1,1,1,0,0
1453,1,3,18,2,0,0,0,1,0,0,0,1,3,0,0,0,0,0,1,1,0,26,0,0,1,1,2,1,0,0
1538,1,3,6,2,0,0,0,0,1,0,0,1,1,0,0,0,0,0,2,0,1,56,0,0,1,1,2,1,0,0
2279,1,3,12,2,0,0,0,1,0,0,4,2,4,0,1,0,0,0,4,0,1,37,0,0,0,1,2,1,1,0
1478,1,3,15,3,0,0,0,1,0,0,0,2,4,0,0,1,0,0,3,1,0,33,1,0,1,2,2,1,0,0
5103,1,3,24,4,0,0,0,1,0,0,0,1,3,0,0,1,0,0,3,0,1,47,0,0,0,3,2,1,1,0
9857,1,1,36,3,0,0,0,0,0,1,1,3,1,0,1,0,0,0,3,0,0,31,0,0,1,2,1,2,1,0
6527,1,3,60,2,1,0,0,0,0,0,4,2,4,0,1,0,0,0,4,0,1,34,0,0,0,1,2,2,1,0
1347,1,2,10,4,0,0,0,1,0,0,4,3,4,0,1,0,0,0,2,0,0,27,0,0,1,2,2,1,1,0
2862,1,1,36,3,1,0,0,0,0,0,1,4,4,0,1,0,0,0,3,0,1,30,0,0,0,1,2,1,0,0
2753,1,3,9,2,0,0,0,1,0,0,1,4,3,0,1,0,1,0,4,0,0,35,0,0,1,1,2,1,1,0
3651,1,0,12,2,1,0,0,0,0,0,3,2,1,0,1,0,0,0,3,0,0,31,0,0,1,1,2,2,0,0
975,1,0,15,4,0,0,1,0,0,0,0,2,2,1,0,0,0,0,3,0,0,25,0,0,1,2,2,1,0,0
2631,1,1,15,2,0,0,0,0,0,0,1,2,3,0,0,0,0,0,2,1,0,25,0,0,1,1,1,1,0,0
2896,1,1,24,2,0,0,0,1,0,0,1,1,2,0,1,0,0,0,1,0,0,29,0,0,1,1,2,1,0,0
4716,1,0,6,4,1,0,0,0,0,0,4,1,1,0,1,0,0,0,3,1,0,44,0,0,1,2,1,2,0,0
2284,1,3,24,2,0,0,0,1,0,0,0,3,4,0,1,0,0,0,2,0,0,28,0,0,1,1,2,1,1,0
1236,1,3,6,2,0,1,0,0,0,0,2,2,2,0,1,0,0,0,4,0,0,50,0,1,0,1,2,1,0,0
1103,1,1,12,2,0,0,0,1,0,0,0,3,4,0,1,0,0,1,3,1,0,29,0,0,1,2,2,1,0,1
926,1,3,12,4,1,0,0,0,0,0,0,0,1,0,0,0,0,0,2,0,0,38,0,0,1,1,0,1,0,0
1800,1,3,18,4,0,0,0,1,0,0,0,2,4,0,1,0,0,0,2,0,0,24,0,0,1,2,2,1,0,0
1905,1,2,15,2,0,0,0,0,1,0,0,4,4,0,1,0,0,0,4,0,0,40,0,1,0,1,3,1,1,0
1123,0,3,12,2,0,0,1,0,0,0,2,2,4,0,0,0,0,0,4,0,0,29,0,1,0,1,1,1,0,0
6331,0,0,48,4,0,1,0,0,0,0,0,4,4,0,1,0,0,0,4,0,1,46,0,0,0,2,2,1,1,0
1377,1,2,24,2,0,0,0,1,0,0,1,4,4,0,0,0,0,0,2,0,1,47,0,0,0,1,2,1,1,0
2503,1,1,30,3,0,0,0,0,0,1,1,4,4,0,1,0,0,0,2,0,0,41,1,0,1,2,2,1,0,0
2528,1,1,27,2,0,0,0,0,0,1,0,1,4,0,0,0,0,0,1,0,0,32,0,0,1,1,2,2,1,0
5324,1,3,15,2,1,0,0,0,0,0,2,4,1,0,0,0,0,0,4,0,1,35,0,0,0,1,2,1,0,0
6560,0,1,48,2,1,0,0,0,0,0,1,3,3,0,1,0,0,0,2,0,0,24,0,0,1,1,2,1,0,0
2969,0,1,12,0,0,0,1,0,0,0,0,1,4,0,0,0,0,0,3,0,0,25,0,1,0,2,2,1,0,0
1206,1,1,9,2,0,0,0,1,0,0,0,4,4,0,0,0,0,0,4,1,0,25,0,0,1,1,2,1,0,0
2118,1,1,9,2,0,0,0,1,0,0,0,2,2,0,1,0,0,0,2,1,0,37,0,0,1,1,1,2,0,0
629,1,3,18,4,0,0,0,1,0,0,2,4,4,0,1,0,0,0,3,0,0,32,1,0,1,2,3,1,1,0
1198,0,0,6,1,0,0,0,0,1,0,0,4,4,0,0,0,0,0,4,0,1,35,0,0,0,1,2,1,0,0
2476,1,3,21,2,0,1,0,0,0,0,4,4,4,0,1,0,0,0,4,1,0,46,0,0,1,1,3,1,1,0
1138,1,0,9,4,0,0,0,1,0,0,0,2,4,0,1,0,0,0,4,1,0,25,0,0,1,2,1,1,0,0
14027,0,1,60,2,1,0,0,0,0,0,0,3,4,0,1,0,0,0,2,0,1,27,0,0,1,1,3,1,1,0
7596,1,3,30,4,0,1,0,0,0,0,4,4,1,0,1,0,0,0,4,0,0,63,0,0,1,2,2,1,0,0
3077,1,3,30,4,0,0,0,1,0,0,4,4,3,0,1,0,0,0,2,0,0,40,0,0,1,2,2,2,1,0
1505,1,3,18,2,0,0,0,1,0,0,0,2,4,0,1,0,0,0,2,0,1,32,0,0,0,1,3,1,1,0
3148,1,2,24,4,0,0,0,1,0,0,4,2,3,0,1,0,0,0,2,0,0,31,0,0,1,2,2,1,1,0
6148,1,1,20,0,0,1,0,0,0,0,1,4,3,0,0,1,0,0,4,0,0,31,1,0,1,2,2,1,1,0
1337,0,2,9,0,0,0,0,1,0,0,0,1,4,0,1,0,0,0,2,0,0,34,0,0,1,2,3,1,1,0
433,0,1,6,1,0,0,0,0,1,0,3,1,4,0,0,0,0,0,2,0,0,24,1,1,0,1,2,2,0,0
1228,0,0,12,2,1,0,0,0,0,0,0,2,4,0,0,0,0,0,2,1,0,24,0,0,1,1,1,1,0,0
790,1,1,9,2,0,0,0,1,0,0,2,2,4,0,0,0,0,0,3,1,0,66,0,0,1,1,1,1,0,0
2570,0,3,27,2,1,0,0,0,0,0,0,2,3,0,0,0,0,0,3,1,0,21,0,1,0,1,2,1,0,0
250,1,3,6,4,1,0,0,0,0,0,3,2,2,0,0,0,0,0,2,1,0,41,1,0,1,2,1,1,0,0
1316,1,3,15,4,0,0,0,1,0,0,2,2,2,0,0,1,0,0,2,0,0,47,0,0,1,2,1,1,0,0
1882,0,0,18,2,0,0,0,1,0,0,0,2,4,0,0,0,0,0,4,0,0,25,1,1,0,2,2,1,0,0
6416,0,1,48,1,0,0,0,0,0,1,0,4,4,0,0,0,0,0,3,0,1,59,0,1,0,1,2,1,0,0
1275,1,2,24,4,0,0,0,0,0,1,3,2,2,1,0,0,0,0,4,1,0,36,0,0,1,2,2,1,1,0
6403,1,1,24,3,0,0,0,1,0,0,0,1,1,0,1,0,0,0,2,0,0,33,0,0,1,1,2,1,0,0
1987,0,0,24,2,0,0,0,1,0,0,0,2,2,0,1,0,0,0,4,1,0,21,0,1,0,1,1,2,0,0
760,1,1,8,2,0,0,0,1,0,0,0,3,4,0,0,0,0,1,2,1,0,44,0,0,1,1,1,1,0,0
2603,1,3,24,2,0,1,0,0,0,0,3,2,2,0,0,0,0,0,4,0,0,28,0,1,0,1,2,1,1,0
3380,1,3,4,4,1,0,0,0,0,0,0,3,1,0,0,0,0,0,1,1,0,37,0,0,1,1,2,2,0,0
3990,1,1,36,1,0,0,0,0,0,0,4,1,3,0,0,0,0,0,2,0,1,29,1,0,1,1,0,1,0,0
11560,0,1,24,2,0,1,0,0,0,0,0,2,1,0,0,0,0,0,4,0,0,23,0,1,0,2,3,1,0,0
4380,1,0,18,2,1,0,0,0,0,0,1,2,3,0,1,0,0,0,4,0,0,35,0,0,1,1,1,2,1,0
6761,1,3,6,4,1,0,0,0,0,0,0,3,1,0,1,0,0,0,3,0,1,45,0,0,1,2,3,2,1,0
4280,0,1,30,0,0,0,0,0,0,1,1,2,4,0,0,0,0,0,4,0,0,26,0,1,0,2,1,1,0,0
2325,1,0,24,1,1,0,0,0,0,0,1,3,2,0,1,0,0,0,3,0,0,32,1,0,1,1,2,1,0,0
1048,1,1,10,1,0,0,0,1,0,0,0,2,4,0,1,0,0,0,4,1,0,23,1,0,1,1,1,1,0,0
3160,1,3,21,2,0,0,0,1,0,0,4,4,4,0,1,0,0,0,3,0,0,41,0,0,1,1,2,1,1,0
2483,1,0,24,1,0,0,1,0,0,0,2,2,4,0,1,0,0,0,4,1,0,22,1,0,1,1,2,1,1,0
14179,1,0,39,4,0,0,1,0,0,0,4,3,4,0,1,0,0,0,4,0,0,30,0,0,1,2,3,1,1,0
1797,1,0,13,4,0,0,0,0,0,1,0,1,3,0,1,0,0,0,1,0,0,28,1,0,1,2,1,1,0,0
2511,1,0,15,2,1,0,0,0,0,0,0,0,1,0,0,0,0,0,4,0,0,23,0,1,0,1,2,1,0,0
1274,0,0,12,2,1,0,0,0,0,0,0,1,3,0,0,0,0,0,1,1,0,37,0,0,1,1,1,1,0,0
5248,1,3,21,2,0,1,0,0,0,0,4,2,1,0,1,0,0,0,3,0,0,26,0,0,1,1,2,1,0,0
3029,1,3,15,2,0,1,0,0,0,0,0,3,2,0,1,0,0,0,2,0,0,33,0,0,1,1,2,1,0,0
428,1,0,6,2,0,0,1,0,0,0,0,4,2,0,0,0,0,0,1,0,0,49,1,0,1,1,2,1,1,0
976,0,0,18,2,1,0,0,0,0,0,0,1,1,0,0,0,0,0,2,0,0,23,0,0,1,1,1,1,0,0
841,1,1,12,2,0,0,0,0,0,1,1,3,2,0,0,0,0,0,4,1,0,23,0,1,0,1,1,1,0,0
5771,1,3,30,4,0,0,0,1,0,0,0,3,4,0,0,0,0,0,2,0,0,25,0,0,1,2,2,1,0,0
1555,0,3,12,3,0,0,0,0,0,0,3,4,4,0,1,0,0,0,4,0,1,55,0,0,0,2,2,2,0,0
1285,0,0,24,2,1,0,0,0,0,0,4,3,4,0,0,0,0,0,4,0,1,32,0,1,0,1,2,1,0,0
1299,1,2,6,4,1,0,0,0,0,0,0,2,1,0,1,0,0,0,1,1,0,74,0,0,1,3,0,2,0,1
1271,0,2,15,4,0,0,0,1,0,0,4,2,3,0,1,0,0,0,4,0,1,39,0,0,0,2,2,1,1,0
1393,1,3,24,2,1,0,0,0,0,0,0,2,2,0,1,0,0,1,2,1,0,31,0,0,1,1,2,1,1,0
691,0,0,12,4,1,0,0,0,0,0,0,4,4,0,1,0,0,0,3,0,0,35,0,0,1,2,2,1,0,0
5045,1,3,15,4,1,0,0,0,0,0,4,4,1,0,0,0,0,0,4,0,0,59,0,0,1,1,2,1,1,0
2124,0,0,18,4,0,0,1,0,0,0,0,2,4,0,0,0,0,0,4,1,0,24,0,1,0,2,2,1,0,0
2214,1,0,12,2,0,0,0,1,0,0,0,2,4,0,1,0,0,0,3,0,0,24,0,0,1,1,1,1,0,0
12680,0,3,21,4,1,0,0,0,0,0,4,4,4,0,1,0,0,0,4,0,1,30,0,0,0,1,3,1,1,0
2463,1,3,24,4,1,0,0,0,0,0,1,3,4,0,0,1,0,0,3,0,0,27,0,0,1,2,2,1,1,0
1155,1,1,12,2,0,0,0,1,0,0,0,4,3,0,0,1,0,1,3,1,0,40,1,0,1,2,1,1,0,0
3108,0,0,30,2,0,0,1,0,0,0,0,1,2,1,0,0,0,0,4,0,0,31,0,0,1,1,1,1,0,0
2901,1,3,10,2,0,1,0,0,0,0,4,1,1,0,0,0,0,0,4,1,0,31,0,1,0,1,2,1,0,0
3617,1,1,12,4,0,0,1,0,0,0,0,4,1,0,1,0,0,0,4,0,0,28,0,1,0,3,2,1,1,0
1655,1,3,12,4,0,0,0,1,0,0,0,4,2,0,1,0,0,0,4,1,0,63,0,0,1,2,1,1,1,0
2812,1,0,24,2,0,1,0,0,0,0,4,4,2,0,0,0,0,0,4,1,0,26,0,1,0,1,2,1,0,0
8065,0,0,36,4,0,0,0,0,1,0,0,2,3,0,0,0,0,0,2,0,1,25,0,0,1,2,3,1,1,0
3275,1,3,21,4,0,1,0,0,0,0,0,4,1,0,1,0,0,0,4,0,0,36,0,0,1,1,3,1,1,0
2223,1,3,24,4,0,0,0,1,0,0,1,4,4,0,1,0,0,0,4,0,0,52,1,0,1,2,2,1,0,0
1480,1,2,12,4,1,0,0,0,0,0,2,0,2,0,1,0,0,0,4,0,1,66,1,0,0,3,0,1,0,0
1371,0,0,24,2,1,0,0,0,0,0,4,2,4,0,0,0,0,0,4,1,0,25,0,1,0,1,2,1,0,0
3535,1,3,36,4,1,0,0,0,0,0,0,3,4,0,1,0,0,0,4,0,0,37,0,0,1,2,2,1,1,0
3509,1,0,18,2,0,0,0,1,0,0,0,3,4,0,0,0,0,1,1,1,0,25,0,0,1,1,2,1,0,0
5711,1,3,36,4,0,1,0,0,0,0,3,4,4,0,1,0,0,0,2,0,0,38,0,0,1,2,3,1,1,0
3872,1,1,18,2,0,0,0,0,0,0,0,0,2,0,0,0,0,0,4,0,0,67,0,0,1,1,2,1,1,0
4933,0,1,39,4,0,0,0,1,0,0,0,3,2,0,1,0,0,1,2,1,0,25,0,0,1,2,2,1,0,0
1940,1,3,24,4,1,0,0,0,0,0,3,4,4,0,1,0,0,0,4,1,0,60,0,0,1,1,2,1,1,0
1410,1,1,12,0,0,0,0,0,0,0,0,2,2,0,1,0,0,0,2,1,0,31,0,0,1,1,1,1,1,0
836,0,1,12,2,1,0,0,0,0,0,1,1,4,0,0,0,0,0,2,0,0,23,1,0,1,1,1,1,0,0
6468,1,1,20,2,0,1,0,0,0,0,4,0,1,1,0,0,0,0,4,1,0,60,0,0,1,1,3,1,1,0
1941,1,1,18,2,0,0,0,0,0,1,3,2,4,0,1,0,0,0,2,0,0,35,0,0,1,1,1,1,1,0
2675,1,3,22,2,0,0,0,1,0,0,2,4,3,0,1,0,0,0,4,0,0,40,0,0,1,1,2,1,0,0
2751,1,3,48,4,0,1,0,0,0,0,4,4,4,0,1,0,0,0,3,0,0,38,0,0,1,2,2,2,1,0
6224,0,1,48,3,0,0,0,0,1,0,0,4,4,0,1,0,0,0,4,0,1,50,0,0,0,1,2,1,0,0
5998,0,0,40,4,0,0,0,0,1,0,0,2,4,0,1,0,0,0,3,0,1,27,1,0,1,1,2,1,1,0
1188,0,1,21,2,0,0,0,0,0,1,0,4,2,0,0,0,0,0,4,0,0,39,0,0,1,1,2,2,0,0
6313,1,3,24,2,0,1,0,0,0,0,4,4,3,0,1,0,0,0,4,0,0,41,0,0,1,1,3,2,1,0
1221,1,3,6,4,0,0,1,0,0,0,4,2,1,0,0,1,0,0,2,0,0,27,0,0,1,2,2,1,0,0
2892,1,2,24,2,0,0,1,0,0,0,0,4,3,1,0,0,0,0,4,0,1,51,0,0,0,1,2,1,0,0
3062,1,3,24,2,0,0,1,0,0,0,2,4,4,0,1,0,0,0,3,0,1,32,0,1,0,1,2,1,1,0
2301,1,3,9,2,0,0,1,0,0,0,1,1,2,0,0,0,0,0,4,0,0,22,0,1,0,1,2,1,0,0
7511,0,0,18,2,0,1,0,0,0,0,4,4,1,0,1,0,0,0,4,0,0,51,0,0,0,1,2,2,1,0
1258,1,3,12,4,0,0,1,0,0,0,0,1,2,0,0,0,0,0,4,0,0,22,0,1,0,2,1,1,0,0
717,1,3,24,3,1,0,0,0,0,0,4,4,4,0,0,1,0,0,4,0,0,54,0,0,1,2,2,1,1,0
1549,1,1,9,2,1,0,0,0,0,0,4,1,4,0,1,0,0,0,2,1,0,35,0,0,1,1,0,1,0,0
1597,1,3,24,4,0,0,0,0,1,0,0,4,4,0,1,0,0,0,4,0,1,54,0,0,0,2,2,2,0,0
1795,1,1,18,4,0,0,0,1,0,0,0,4,3,0,0,0,0,1,4,1,0,48,1,1,0,2,1,1,1,0
4272,1,0,20,4,0,0,1,0,0,0,0,4,1,0,0,0,0,0,4,0,0,24,0,0,1,2,2,1,0,0
976,1,3,12,4,0,0,0,1,0,0,4,4,4,0,1,0,0,0,4,0,0,35,0,0,1,2,2,1,0,0
7472,1,1,12,2,1,0,0,0,0,0,4,0,1,0,0,0,0,0,2,1,0,24,0,1,0,1,0,1,0,0
9271,0,0,36,2,1,0,0,0,0,0,0,3,2,0,1,0,0,0,1,0,0,24,0,0,1,1,2,1,1,0
590,1,1,6,2,0,0,0,1,0,0,0,1,3,0,0,1,0,0,3,1,0,26,0,0,1,1,1,1,0,1
930,1,3,12,4,0,0,0,1,0,0,4,4,4,0,1,0,0,0,4,1,0,65,0,0,1,4,2,1,0,0
9283,1,1,42,1,0,1,0,0,0,0,0,0,1,0,1,0,0,0,2,0,1,55,1,0,0,1,3,1,1,0
1778,0,1,15,0,1,0,0,0,0,0,0,1,2,0,0,0,0,0,1,1,0,26,0,1,0,2,0,1,0,0
907,1,1,8,2,0,0,0,0,0,1,0,1,3,0,0,1,0,0,2,1,0,26,0,0,1,1,2,1,1,0
484,1,1,6,2,0,0,0,1,0,0,0,3,3,0,0,1,0,1,3,1,0,28,1,0,1,1,1,1,0,0
9629,0,0,36,4,0,1,0,0,0,0,0,3,4,0,1,0,0,0,4,0,0,24,0,0,1,2,2,1,1,0
3051,0,0,48,2,0,0,0,0,0,0,0,2,3,0,1,0,0,0,4,0,0,54,0,0,1,1,2,1,0,0
3931,0,0,48,2,1,0,0,0,0,0,0,3,4,0,1,0,0,0,4,0,1,46,0,0,0,1,2,2,0,0
7432,1,1,36,3,1,0,0,0,0,0,0,2,2,0,0,0,0,0,2,0,0,54,0,1,0,1,2,1,0,0
1338,1,3,6,2,0,0,0,0,0,0,2,2,1,1,0,0,0,0,4,1,0,62,0,0,1,1,2,1,0,0
1554,1,3,6,4,0,0,0,1,0,0,0,3,1,0,0,0,0,0,2,0,0,24,0,1,0,2,2,1,1,0
15857,1,0,36,2,0,0,0,0,0,0,0,0,2,1,0,0,1,0,3,0,0,43,0,0,1,1,3,1,0,0
1345,0,0,18,2,0,0,0,1,0,0,0,2,4,0,0,1,0,0,3,1,0,26,1,0,1,1,2,1,0,0
1101,1,3,12,2,1,0,0,0,0,0,0,2,3,0,0,1,0,0,2,1,0,27,0,0,1,2,2,1,1,0
3016,1,2,12,2,0,0,0,1,0,0,0,2,3,0,0,1,0,0,1,0,0,24,0,0,1,1,2,1,0,0
2712,0,0,36,2,0,0,1,0,0,0,0,4,2,0,1,0,0,0,2,0,0,41,1,0,1,1,2,2,0,0
731,1,0,8,4,1,0,0,0,0,0,0,4,4,0,1,0,0,0,4,1,0,47,0,0,1,2,1,1,0,0
3780,1,3,18,4,0,0,1,0,0,0,0,1,3,1,0,0,0,0,2,0,0,35,0,0,1,2,3,1,1,0
1602,1,0,21,4,1,0,0,0,0,0,0,4,4,0,0,1,0,0,3,0,0,30,0,0,1,2,2,1,1,0
3966,0,0,18,4,1,0,0,0,0,0,0,4,1,0,0,0,0,0,4,1,0,33,1,1,0,3,2,1,1,0
4165,0,3,18,0,0,0,0,0,0,1,0,2,2,0,1,0,0,0,2,0,0,36,1,0,1,2,2,2,0,0
8335,0,0,36,2,0,1,0,0,0,0,4,4,3,0,1,0,0,0,4,0,1,47,0,0,0,1,2,1,0,0
6681,1,1,48,3,0,0,0,0,0,1,4,2,4,0,1,0,0,0,4,0,1,38,0,0,0,1,2,2,1,0
2375,1,3,24,3,0,0,0,0,0,1,2,2,4,0,1,0,0,0,2,0,0,44,0,0,1,2,2,2,1,0
1216,0,0,18,2,1,0,0,0,0,0,0,1,4,0,0,0,0,0,3,0,0,23,0,1,0,1,2,1,1,0
11816,0,0,45,0,0,0,0,0,0,1,0,4,2,0,1,0,0,0,4,0,0,29,0,1,0,2,2,1,0,0
5084,1,1,24,2,0,0,0,1,0,0,4,4,2,0,0,0,0,0,4,0,0,42,0,0,1,1,2,1,1,0
2327,0,2,15,2,0,0,0,1,0,0,0,1,2,0,0,0,0,0,3,1,0,25,0,0,1,1,1,1,0,0
1082,0,0,12,0,1,0,0,0,0,0,0,2,4,0,1,0,0,0,4,0,0,48,1,0,1,2,2,1,0,0
886,1,3,12,2,0,0,0,1,0,0,4,2,4,0,0,0,0,0,2,0,0,21,0,0,1,1,2,1,0,0
601,1,3,4,2,0,0,1,0,0,0,0,1,1,0,0,0,0,0,3,1,0,23,0,1,0,1,1,2,0,0
2957,1,0,24,4,0,1,0,0,0,0,0,4,4,0,1,0,0,0,4,0,0,63,0,0,1,2,2,1,1,0
2611,1,3,24,4,0,0,0,1,0,0,0,4,4,0,0,1,1,0,3,1,0,46,0,0,1,2,2,1,0,0
5179,0,0,36,2,0,0,1,0,0,0,0,3,4,0,1,0,0,0,2,0,0,29,0,0,1,1,2,1,0,0
2993,1,3,21,3,0,1,0,0,0,0,0,2,3,0,1,0,0,0,2,1,0,28,1,0,1,2,1,1,0,0
1943,0,3,18,2,0,0,0,0,0,0,0,1,4,0,0,0,0,0,4,1,0,23,0,0,1,1,2,1,0,0
1559,1,3,24,1,0,0,0,0,0,1,0,3,4,0,1,0,0,0,4,0,0,50,1,0,1,1,2,1,1,0
3422,1,3,18,2,0,0,1,0,0,0,0,4,4,0,1,0,0,0,4,0,0,47,1,0,1,3,2,2,1,0
3976,1,1,21,2,0,0,1,0,0,0,4,3,2,0,1,0,0,0,3,0,0,35,0,0,1,1,2,1,1,0
6761,0,3,18,2,1,0,0,0,0,0,4,2,2,0,1,0,0,0,4,0,0,68,0,1,0,2,2,1,0,0
1249,1,3,24,2,1,0,0,0,0,0,0,1,4,0,0,1,0,0,2,1,0,28,0,0,1,1,2,1,0,0
1364,1,0,9,2,0,0,0,1,0,0,0,3,3,0,1,0,0,0,4,1,0,59,0,0,1,1,2,1,0,0
709,0,0,12,2,0,0,0,1,0,0,0,4,4,0,1,0,0,0,4,1,0,57,1,0,1,1,1,1,0,0
2235,0,0,20,4,1,0,0,0,0,0,0,2,4,0,0,1,0,1,2,0,0,33,1,1,0,2,2,1,0,1
4042,1,3,24,4,0,1,0,0,0,0,4,3,3,0,1,0,0,0,4,0,0,43,0,0,1,2,2,1,1,0
1471,1,3,15,4,0,0,0,1,0,0,0,2,4,0,1,0,0,0,4,0,1,35,0,0,0,2,2,1,1,0
1442,0,0,18,1,1,0,0,0,0,0,0,3,4,0,1,0,0,0,4,0,1,32,0,0,0,2,1,2,0,0
10875,1,3,36,3,1,0,0,0,0,0,0,4,2,0,1,0,0,0,2,0,0,45,0,0,1,2,2,2,1,0
1474,1,3,24,2,1,0,0,0,0,0,1,1,4,0,0,1,0,0,3,1,0,33,0,0,1,1,2,1,1,0
894,1,3,10,2,0,0,0,0,0,0,4,3,4,0,0,0,0,0,3,0,0,40,0,0,1,1,2,1,1,0
3343,1,3,15,4,0,0,1,0,0,0,0,2,4,0,1,0,0,0,2,0,1,28,0,0,0,1,2,1,1,0
3959,0,0,15,2,1,0,0,0,0,0,0,2,3,0,0,0,0,0,2,0,0,29,0,0,1,1,2,1,1,0
3577,1,3,9,2,1,0,0,0,0,0,1,2,1,0,1,0,0,1,2,1,0,26,0,1,0,1,2,2,0,1
5804,1,3,24,4,0,1,0,0,0,0,3,2,4,0,1,0,0,0,2,1,0,27,0,0,1,2,2,1,0,0
2169,0,3,18,3,0,0,0,0,0,1,0,2,4,0,0,1,0,0,2,0,0,28,0,0,1,1,2,1,1,0
2439,0,0,24,2,0,0,0,1,0,0,0,1,4,0,0,0,0,0,4,1,0,35,0,0,1,1,2,1,1,0
4526,1,3,27,4,0,0,1,0,0,0,3,1,4,0,1,0,0,0,2,1,0,32,1,0,1,2,1,2,1,0
2210,0,3,10,2,0,0,1,0,0,0,0,2,2,0,1,0,0,0,2,1,0,25,1,1,0,1,1,1,0,0
2221,1,3,15,2,0,0,1,0,0,0,2,2,2,0,0,0,0,0,4,0,0,20,0,1,0,1,2,1,0,0
2389,1,0,18,2,0,0,0,1,0,0,0,1,4,0,0,0,0,0,1,0,0,27,1,0,1,1,2,1,0,0
3331,1,3,12,4,0,0,1,0,0,0,0,4,2,0,1,0,0,0,4,0,0,42,1,0,1,1,2,1,0,0
7409,1,3,36,2,0,0,0,0,0,1,4,4,3,0,1,0,0,0,2,0,0,37,0,0,1,2,2,1,0,0
652,1,0,12,2,0,0,1,0,0,0,0,4,4,0,0,0,0,0,4,0,0,24,0,1,0,1,2,1,0,0
7678,1,3,36,3,0,0,1,0,0,0,2,3,2,0,0,0,0,0,4,0,0,40,0,0,1,2,2,1,1,0
1343,1,2,6,4,1,0,0,0,0,0,0,4,1,0,1,0,0,0,4,1,0,46,0,0,1,2,2,2,0,1
1382,1,0,24,4,0,0,0,0,0,1,1,3,4,0,1,0,0,0,1,1,0,26,0,0,1,2,2,1,1,0
874,1,3,15,2,0,0,0,0,0,0,4,1,4,0,0,0,0,0,1,1,0,24,0,0,1,1,2,1,0,0
3590,1,0,12,2,0,0,1,0,0,0,0,2,2,0,1,0,1,0,2,0,0,29,0,0,1,1,1,2,0,0
1322,1,1,11,4,1,0,0,0,0,0,3,2,4,0,0,0,0,0,4,0,0,40,0,0,1,2,2,1,0,0
1940,1,0,18,1,0,0,0,1,0,0,0,1,3,0,1,0,1,0,4,0,1,36,1,0,0,1,3,1,1,0
3595,1,3,36,2,0,0,0,1,0,0,0,4,4,0,1,0,0,0,2,0,0,28,0,0,1,1,2,1,0,0
1422,0,0,9,2,1,0,0,0,0,0,0,1,3,0,1,0,0,0,2,0,1,27,0,0,0,1,3,1,1,0
6742,1,3,30,4,0,0,0,1,0,0,4,3,2,0,1,0,0,0,3,0,0,36,0,0,1,2,2,1,0,0
7814,1,3,24,2,0,1,0,0,0,0,0,3,3,0,1,0,0,0,3,0,0,38,0,0,1,1,3,1,1,0
9277,1,3,24,2,0,1,0,0,0,0,4,2,2,1,0,0,0,0,4,0,1,48,0,0,0,1,2,1,1,0
2181,1,1,30,4,1,0,0,0,0,0,4,4,4,0,1,0,0,0,4,1,0,36,0,0,1,2,2,1,0,0
1098,1,3,18,4,0,0,0,1,0,0,0,0,4,0,0,0,0,0,4,0,0,65,0,0,1,2,0,1,0,0
4057,0,1,24,2,0,0,1,0,0,0,0,3,3,1,0,0,0,0,3,0,0,43,0,0,1,1,2,1,1,0
795,0,0,12,2,0,0,0,0,1,0,0,1,4,0,0,0,0,0,4,0,0,53,0,0,1,1,2,1,0,0
2825,1,1,24,4,0,0,0,0,0,1,4,3,4,0,1,0,0,0,3,0,1,34,0,0,1,2,2,2,1,0
15672,0,1,48,2,0,0,0,0,0,1,0,2,2,0,1,0,0,0,2,0,0,23,0,0,1,1,2,1,1,0
6614,1,3,36,4,1,0,0,0,0,0,0,4,4,0,1,0,0,0,4,0,0,34,0,0,1,2,3,1,1,0
7824,1,3,28,1,0,1,0,0,0,0,4,1,3,0,1,0,0,1,4,1,0,40,1,1,0,2,2,2,1,0
2442,1,0,27,4,0,0,0,0,0,1,0,4,4,0,1,0,0,0,4,0,0,43,1,0,1,4,3,2,1,0
1829,1,3,15,4,0,0,0,1,0,0,0,4,4,0,1,0,0,0,4,0,0,46,0,0,1,2,2,1,1,0
2171,1,0,12,4,1,0,0,0,0,0,0,2,4,0,1,0,0,0,4,0,0,38,1,0,1,2,1,1,0,1
5800,1,1,36,4,0,1,0,0,0,0,0,2,3,0,1,0,0,0,4,0,0,34,0,0,1,2,2,1,1,0
1169,1,3,18,4,0,0,0,1,0,0,4,2,4,0,1,0,0,0,3,0,0,29,0,0,1,2,2,1,1,0
8947,1,3,36,3,0,1,0,0,0,0,4,3,3,0,1,0,0,0,2,0,0,31,1,0,1,1,3,2,1,0
2606,1,0,21,2,0,0,0,1,0,0,0,1,4,0,0,0,0,0,4,0,0,28,0,1,0,1,3,1,1,0
1592,1,3,12,4,0,0,1,0,0,0,3,3,3,0,0,0,0,0,2,0,0,35,0,0,1,1,2,1,0,1
2186,1,3,15,2,0,0,1,0,0,0,4,3,1,0,0,0,0,0,4,1,0,33,1,1,0,1,1,1,0,0
4153,0,0,18,2,0,0,1,0,0,0,0,2,2,0,1,0,1,0,3,0,0,42,0,0,1,1,2,1,0,0
6614,1,3,36,4,1,0,0,0,0,0,0,4,4,0,1,0,0,0,4,0,0,34,0,0,1,2,3,1,1,0
7824,1,3,28,1,0,1,0,0,0,0,4,1,3,0,1,0,0,1,4,1,0,40,1,1,0,2,2,2,1,0
2442,1,0,27,4,0,0,0,0,0,1,0,4,4,0,1,0,0,0,4,0,0,43,1,0,1,4,3,2,1,0
1829,1,3,15,4,0,0,0,1,0,0,0,4,4,0,1,0,0,0,4,0,0,46,0,0,1,2,2,1,1,0
2171,1,0,12,4,1,0,0,0,0,0,0,2,4,0,1,0,0,0,4,0,0,38,1,0,1,2,1,1,0,1
5800,1,1,36,4,0,1,0,0,0,0,0,2,3,0,1,0,0,0,4,0,0,34,0,0,1,2,2,1,1,0
1169,1,3,18,4,0,0,0,1,0,0,4,2,4,0,1,0,0,0,3,0,0,29,0,0,1,2,2,1,1,0
8947,1,3,36,3,0,1,0,0,0,0,4,3,3,0,1,0,0,0,2,0,0,31,1,0,1,1,3,2,1,0
2606,1,0,21,2,0,0,0,1,0,0,0,1,4,0,0,0,0,0,4,0,0,28,0,1,0,1,3,1,1,0
1592,1,3,12,4,0,0,1,0,0,0,3,3,3,0,0,0,0,0,2,0,0,35,0,0,1,1,2,1,0,1
2186,1,3,15,2,0,0,1,0,0,0,4,3,1,0,0,0,0,0,4,1,0,33,1,1,0,1,1,1,0,0
4153,0,0,18,2,0,0,1,0,0,0,0,2,2,0,1,0,1,0,3,0,0,42,0,0,1,1,2,1,0,0