OUTCOME1 Y1,CHK_ACCT,DURATION,HISTORY,NEW_CAR,USED_CAR,FURNITURE,RADIO_TV,EDUCATION,RETRAINING,SAV_ACCT,EMPLOYMENT,INSTALL_RATE,MALE_DIV,MALE_SINGLE,MALE_MAR_or_WID,CO_APPLICANT,GUARANTOR,PRESENT_RESIDENT,REAL_ESTATE,PROP_UNKN_NONE,AGE,OTHER_INSTALL,RENT,OWN_RES,NUM_CREDITS,JOB,NUM_DEPENDENTS,TELEPHONE,FOREIGN
1169,0,6,4,0,0,0,1,0,0,4,4,4,0,1,0,0,0,4,1,0,67,0,0,1,2,2,1,1,0
5951,1,48,2,0,0,0,1,0,0,0,2,2,0,0,0,0,0,2,1,0,22,0,0,1,1,2,1,0,0
2096,3,12,4,0,0,0,0,1,0,0,3,2,0,1,0,0,0,3,1,0,49,0,0,1,1,1,2,0,0
7882,0,42,2,0,0,1,0,0,0,0,3,2,0,1,0,0,1,4,0,0,45,0,0,0,1,2,2,0,0
4870,0,24,3,1,0,0,0,0,0,0,2,3,0,1,0,0,0,4,0,1,53,0,0,0,2,2,2,0,0
9055,3,36,2,0,0,0,0,1,0,4,2,2,0,1,0,0,0,4,0,1,35,0,0,0,1,1,2,1,0
2835,3,24,2,0,0,1,0,0,0,2,4,3,0,1,0,0,0,4,0,0,53,0,0,1,1,2,1,0,0
6948,1,36,2,0,1,0,0,0,0,0,2,2,0,1,0,0,0,2,0,0,35,0,1,0,1,3,1,1,0
3059,3,12,2,0,0,0,1,0,0,3,3,2,1,0,0,0,0,4,1,0,61,0,0,1,1,1,1,0,0
5234,1,30,4,1,0,0,0,0,0,0,0,4,0,0,1,0,0,2,0,0,28,0,0,1,2,3,1,0,0
1295,1,12,2,1,0,0,0,0,0,0,1,3,0,0,0,0,0,1,0,0,25,0,1,0,1,2,1,0,0
4308,0,48,2,0,0,0,0,0,1,0,1,3,0,0,0,0,0,4,0,0,24,0,1,0,1,2,1,0,0
1567,1,12,2,0,0,0,1,0,0,0,2,1,0,0,0,0,0,1,0,0,22,0,0,1,1,2,1,1,0
1199,0,24,4,1,0,0,0,0,0,0,4,4,0,1,0,0,0,4,0,0,60,0,0,1,2,1,1,0,0
1403,0,15,2,1,0,0,0,0,0,0,2,2,0,0,0,0,0,4,0,0,28,0,1,0,1,2,1,0,0
1282,0,24,2,0,0,0,1,0,0,1,2,4,0,0,0,0,0,2,0,0,32,0,0,1,1,1,1,0,0
2424,3,24,4,0,0,0,1,0,0,4,4,4,0,1,0,0,0,4,0,0,53,0,0,1,2,2,1,0,0
8072,0,30,0,0,0,0,0,0,1,4,1,2,0,1,0,0,0,3,0,0,25,1,0,1,3,2,1,0,0
12579,1,24,2,0,1,0,0,0,0,0,4,4,0,0,0,0,0,2,0,1,44,0,0,0,1,3,1,1,0
3430,3,24,2,0,0,0,1,0,0,2,4,3,0,1,0,0,0,2,0,0,31,0,0,1,1,2,2,1,0
2134,3,9,4,1,0,0,0,0,0,0,2,4,0,1,0,0,0,4,0,0,48,0,0,1,3,2,1,1,0
2647,0,6,2,0,0,0,1,0,0,2,2,2,0,1,0,0,0,3,1,0,44,0,1,0,1,2,2,0,0
2241,0,10,4,1,0,0,0,0,0,0,1,1,0,1,0,0,0,3,1,0,48,0,1,0,2,1,2,0,1
1804,1,12,4,0,1,0,0,0,0,1,1,3,0,1,0,0,0,4,0,0,44,0,0,1,1,2,1,0,0
2069,3,10,4,0,0,1,0,0,0,4,2,2,0,0,1,0,0,1,0,0,26,0,0,1,2,2,1,0,1
1374,0,6,2,0,0,1,0,0,0,0,2,1,0,1,0,0,0,2,1,0,36,1,0,1,1,1,1,1,0
426,3,6,0,0,0,0,1,0,0,0,4,4,0,0,1,0,0,4,0,0,39,0,0,1,1,1,1,0,0
409,2,12,1,0,0,0,1,0,0,3,2,3,0,0,0,0,0,3,1,0,42,0,1,0,2,2,1,0,0
2415,1,7,2,0,0,0,1,0,0,0,2,3,0,1,0,0,1,2,1,0,34,0,0,1,1,2,1,0,0
6836,0,60,3,0,0,0,0,0,1,0,4,3,0,1,0,0,0,4,0,1,63,0,0,1,2,2,1,1,0
1913,1,18,2,0,0,0,0,0,1,3,1,3,0,0,1,0,0,3,1,0,36,1,0,1,1,2,1,1,0
4020,0,24,2,0,0,1,0,0,0,0,2,2,0,1,0,0,0,2,0,0,27,1,0,1,1,2,1,0,0
5866,1,18,2,1,0,0,0,0,0,1,2,2,0,1,0,0,0,2,0,0,30,0,0,1,2,2,1,1,0
1264,3,12,4,0,0,0,0,0,1,4,4,4,0,1,0,0,0,4,0,1,57,0,1,0,1,1,1,0,0
1474,2,12,2,0,0,1,0,0,0,0,1,4,0,0,0,0,0,1,0,0,33,1,0,1,1,3,1,1,0
4746,1,45,4,0,0,0,1,0,0,0,1,4,0,1,0,0,0,2,0,0,25,0,0,1,2,1,1,0,0
6110,3,48,4,0,0,0,0,1,0,0,2,1,0,1,0,0,0,3,0,1,31,1,0,0,1,2,1,1,0
2100,2,18,2,0,0,0,1,0,0,0,2,4,0,1,0,1,0,2,1,0,37,1,0,1,1,2,1,0,0
1225,2,10,2,0,0,0,0,0,0,0,2,2,0,1,0,0,0,2,0,0,37,0,0,1,1,2,1,1,0
458,1,9,2,0,0,0,1,0,0,0,2,4,0,1,0,0,0,3,1,0,24,0,0,1,1,2,1,0,0
2333,3,30,2,0,0,0,1,0,0,2,4,4,0,1,0,0,0,2,0,0,30,1,0,1,1,3,1,0,0
1158,1,12,2,0,0,0,1,0,0,2,2,3,1,0,0,0,0,1,0,0,26,0,0,1,1,2,1,1,0
6204,1,18,3,0,0,0,0,0,0,0,2,2,0,1,0,0,0,4,1,0,44,0,0,1,1,1,2,1,0
6187,0,30,4,0,1,0,0,0,0,1,3,1,0,0,1,0,0,4,0,0,24,0,1,0,2,2,1,0,0
6143,0,48,4,0,1,0,0,0,0,0,4,4,0,0,0,0,0,4,0,1,58,1,0,0,2,1,1,0,0
1393,3,11,4,1,0,0,0,0,0,0,1,4,0,0,0,0,0,4,0,0,35,0,0,1,2,3,1,0,0
2299,3,36,2,0,0,0,1,0,0,2,4,4,0,1,0,0,0,4,0,0,39,0,0,1,1,2,1,0,0
1352,0,6,2,0,1,0,0,0,0,2,0,1,0,0,0,0,0,2,0,0,23,0,1,0,1,0,1,1,0
7228,3,11,4,1,0,0,0,0,0,0,2,1,0,1,0,0,0,4,0,0,39,0,0,1,2,1,1,0,0
2073,3,12,2,0,0,0,1,0,0,1,2,4,0,0,0,1,0,2,1,0,28,0,0,1,1,2,1,0,0
2333,1,24,3,0,0,1,0,0,0,4,1,4,0,1,0,0,0,2,0,0,29,1,0,1,1,1,1,0,0
5965,1,27,3,0,1,0,0,0,0,0,4,1,0,1,0,0,0,2,0,0,30,0,0,1,2,3,1,1,0
1262,3,12,2,0,0,0,1,0,0,0,2,3,0,1,0,0,0,2,0,0,25,0,0,1,1,2,1,0,0
3378,3,18,2,0,1,0,0,0,0,4,2,2,0,1,0,0,0,1,0,0,31,0,0,1,1,2,1,1,0
2225,1,36,3,1,0,0,0,0,0,0,4,4,0,1,0,0,0,4,0,1,57,1,0,0,2,2,1,1,0
783,3,6,1,1,0,0,0,0,0,4,2,1,0,1,0,0,1,2,1,0,26,1,0,1,1,1,2,0,0
6468,1,12,2,0,0,0,1,0,0,4,0,2,0,1,0,0,0,1,0,1,52,0,0,1,1,3,1,1,0
9566,3,36,4,0,0,0,1,0,0,0,2,2,0,0,0,0,0,2,0,0,31,1,0,1,2,2,1,0,0
1961,2,18,2,1,0,0,0,0,0,0,4,3,0,0,0,0,0,2,0,0,23,0,0,1,1,3,1,0,0
6229,0,36,4,0,0,1,0,0,0,0,1,4,0,0,0,1,0,4,0,1,23,0,1,0,2,1,1,1,0
1391,1,9,2,0,0,0,0,0,1,0,2,2,0,0,1,0,0,1,1,0,27,1,0,1,1,2,1,1,0
1537,1,15,4,0,0,0,1,0,0,4,4,4,0,1,0,0,1,4,1,0,50,0,0,1,2,2,1,1,0
1953,1,36,0,0,0,0,0,0,1,0,4,4,0,1,0,0,0,4,0,1,61,0,0,0,1,3,1,1,0
14421,1,48,0,0,0,0,0,0,1,0,2,2,0,1,0,0,0,2,0,0,25,0,0,1,1,2,1,1,0
3181,3,24,2,0,0,0,1,0,0,0,1,4,0,0,0,0,0,4,0,0,26,0,0,1,1,2,1,1,0
5190,3,27,2,0,0,0,0,0,0,4,4,4,0,1,0,0,0,4,0,0,48,0,0,1,4,2,2,1,0
2171,3,12,2,0,0,0,1,0,0,0,1,2,0,0,0,0,0,2,0,0,29,1,0,1,1,2,1,0,0
1007,1,12,2,1,0,0,0,0,0,3,2,4,0,0,1,0,0,1,1,0,22,0,0,1,1,2,1,0,0
1819,3,36,2,0,0,0,0,1,0,0,2,4,0,1,0,0,0,4,0,1,37,1,0,0,1,2,1,1,0
2394,3,36,2,0,0,0,1,0,0,4,2,4,0,0,0,0,0,4,0,0,25,0,0,1,1,2,1,0,0
8133,3,36,2,0,1,0,0,0,0,0,2,1,0,0,0,0,0,2,0,0,30,1,0,1,1,2,1,0,0
730,3,7,4,0,0,0,1,0,0,4,4,4,0,1,0,0,0,2,0,0,46,0,1,0,2,1,1,1,0
1164,0,8,4,0,0,0,0,0,0,0,4,3,0,1,0,0,0,4,0,1,51,1,0,0,2,3,2,1,0
5954,1,42,4,0,0,0,0,0,1,0,3,2,0,0,0,0,0,1,1,0,41,1,0,1,2,1,1,0,0
1977,0,36,2,0,0,0,0,1,0,4,4,4,0,1,0,0,0,4,0,1,40,0,0,1,1,3,1,1,0
1526,0,12,4,0,1,0,0,0,0,0,4,4,0,1,0,0,0,4,0,1,66,0,0,0,2,3,1,0,0
3965,0,42,2,0,0,0,1,0,0,0,1,4,0,1,0,0,0,3,0,0,34,0,0,1,1,2,1,0,0
4771,1,11,3,0,0,0,1,0,0,0,3,2,0,1,0,0,0,4,0,0,51,0,0,1,1,2,1,0,0
9436,3,54,0,0,1,0,0,0,0,4,2,2,0,1,0,0,0,2,0,0,39,0,0,1,1,1,2,0,0
3832,1,30,2,0,0,1,0,0,0,0,1,2,0,0,1,0,0,1,0,0,22,0,0,1,1,2,1,0,0
5943,3,24,2,0,0,0,1,0,0,4,1,1,0,0,0,0,0,1,0,0,44,0,0,1,2,2,1,1,0
1213,3,15,2,0,0,0,1,0,0,2,4,4,0,1,0,0,0,3,0,0,47,1,0,1,1,2,1,1,0
1568,3,18,2,0,0,0,0,0,1,1,2,3,0,0,0,0,0,4,0,0,24,0,1,0,1,1,1,0,0
1755,0,24,2,0,0,0,0,0,0,0,4,4,0,0,0,0,1,4,1,0,58,0,0,1,1,1,1,1,0
2315,0,10,2,0,0,0,1,0,0,0,4,3,0,1,0,0,0,4,1,0,52,0,0,1,1,1,1,0,0
1412,3,12,4,0,0,0,0,0,1,0,2,4,0,0,0,0,1,2,1,0,29,0,0,1,2,3,1,1,0
1295,1,18,4,0,0,1,0,0,0,0,1,4,0,0,0,0,0,1,0,0,27,0,0,1,2,2,1,0,0
12612,1,36,2,0,0,0,0,1,0,1,2,1,0,1,0,0,0,4,0,1,47,0,0,0,1,2,2,1,0
2249,0,18,2,1,0,0,0,0,0,1,3,4,0,1,0,0,0,3,0,0,30,0,0,1,1,3,2,1,0
1108,0,12,0,0,0,0,0,0,0,0,3,4,0,1,0,0,0,3,1,0,28,0,0,1,2,2,1,0,0
618,3,12,4,0,0,0,1,0,0,0,4,4,0,1,0,0,0,4,1,0,56,0,0,1,1,2,1,0,0
1409,0,12,4,0,1,0,0,0,0,0,4,4,0,1,0,0,0,3,1,0,54,0,0,1,1,2,1,0,0
797,3,12,4,0,0,0,1,0,0,4,4,4,0,0,0,0,0,3,0,0,33,1,0,1,1,1,2,0,0
3617,2,24,4,0,0,1,0,0,0,4,4,4,0,1,0,1,0,4,0,1,20,0,1,0,2,2,1,0,0
1318,1,12,2,1,0,0,0,0,0,3,4,4,0,1,0,0,0,4,1,0,54,0,0,1,1,2,1,1,0
15945,1,54,0,0,0,0,0,0,1,0,1,3,0,1,0,0,0,4,0,1,58,0,1,0,1,2,1,1,0
2012,3,12,4,0,0,0,0,1,0,4,3,4,0,0,0,0,0,2,0,0,61,0,0,1,1,2,1,0,0
2622,1,18,2,0,0,0,0,0,1,1,2,4,0,1,0,0,0,4,0,0,34,0,0,1,1,2,1,0,0
2337,1,36,4,0,0,0,1,0,0,0,4,4,0,1,0,0,0,4,1,0,36,0,0,1,1,2,1,0,0
7057,1,20,3,0,1,0,0,0,0,4,3,3,0,1,0,0,0,4,0,0,36,1,1,0,2,3,2,1,0
1469,3,24,2,1,0,0,0,0,0,1,4,4,0,0,1,0,0,4,1,0,41,0,1,0,1,1,1,0,0
2323,1,36,2,0,0,0,1,0,0,0,3,4,0,1,0,0,0,4,0,0,24,0,1,0,1,2,1,0,0
932,3,6,3,0,0,0,1,0,0,0,2,3,0,0,0,0,0,2,1,0,24,0,0,1,1,2,1,0,0
1919,1,9,4,0,0,1,0,0,0,0,3,4,0,1,0,0,0,3,0,0,35,0,1,0,1,2,1,1,0
2445,3,12,2,0,1,0,0,0,0,4,1,2,0,0,1,0,0,4,0,0,26,0,1,0,1,2,1,1,0
11938,1,24,4,0,0,0,0,0,0,0,2,2,0,1,0,1,0,3,0,0,39,0,0,1,2,3,2,1,0
6458,3,18,1,1,0,0,0,0,0,0,4,2,0,1,0,0,0,4,0,1,39,1,0,1,2,3,2,1,0
6078,1,12,2,1,0,0,0,0,0,0,3,2,0,1,0,0,0,2,0,0,32,0,0,1,1,2,1,0,0
7721,0,24,2,0,0,1,0,0,0,4,1,1,0,0,0,0,0,2,0,0,30,0,0,1,1,2,1,1,1
1410,1,14,2,0,0,0,0,0,1,2,4,1,0,0,1,0,0,2,1,0,35,0,0,1,1,2,1,1,0
1449,1,6,3,0,0,0,0,0,1,1,4,1,1,0,0,0,0,2,0,0,31,1,0,1,2,2,2,0,0
392,2,15,2,0,0,0,0,1,0,0,1,4,0,0,0,0,0,4,0,0,23,0,1,0,1,2,1,1,0
6260,1,18,2,1,0,0,0,0,0,0,3,3,0,1,0,0,0,3,1,0,28,0,1,0,1,1,1,0,0
7855,3,36,4,1,0,0,0,0,0,0,2,4,0,0,0,0,0,2,1,0,25,1,0,1,2,2,1,1,0
1680,0,12,2,0,0,0,1,0,0,2,4,3,0,0,1,0,0,1,1,0,35,0,0,1,1,2,1,0,0
3578,3,48,4,0,0,0,1,0,0,4,4,4,0,1,0,0,0,1,1,0,47,0,0,1,1,2,1,1,0
7174,0,42,2,0,0,0,1,0,0,4,3,4,0,0,0,0,0,3,0,0,30,0,0,1,1,3,1,1,0
2132,0,10,4,0,0,1,0,0,0,4,1,2,0,0,0,1,0,3,1,0,27,0,1,0,2,2,1,0,1
4281,0,33,4,0,0,1,0,0,0,2,2,1,0,0,0,0,0,4,0,0,23,0,0,1,2,2,1,0,0
2366,1,12,4,1,0,0,0,0,0,2,3,3,1,0,0,0,0,3,0,0,36,0,0,1,1,3,1,1,0
1835,0,21,2,0,0,0,1,0,0,0,2,3,0,0,0,0,0,2,1,0,25,0,0,1,2,2,1,1,0
3868,3,24,4,0,1,0,0,0,0,0,4,4,0,0,0,0,0,2,0,0,41,0,1,0,2,3,1,1,0
1768,3,12,2,0,0,1,0,0,0,0,2,3,0,1,0,0,0,2,1,0,24,0,1,0,1,1,1,0,0
781,2,10,4,1,0,0,0,0,0,0,4,4,0,1,0,0,0,4,0,1,63,0,0,0,2,2,1,1,0
1924,1,18,2,0,0,1,0,0,0,4,1,4,0,0,0,0,0,3,1,0,27,0,1,0,1,2,1,0,0
2121,0,12,4,1,0,0,0,0,0,0,2,4,0,1,0,0,0,2,0,0,30,0,0,1,2,2,1,0,0
701,0,12,2,0,0,0,1,0,0,0,2,4,0,0,1,0,0,2,1,0,40,0,0,1,1,1,1,0,0
639,1,12,2,0,0,0,0,0,0,0,2,4,0,1,0,0,0,2,0,0,30,0,0,1,1,2,1,0,0
1860,1,12,4,0,1,0,0,0,0,0,0,4,0,1,0,0,0,2,0,0,34,0,0,1,2,3,1,1,0
3499,0,12,4,1,0,0,0,0,0,0,2,3,0,0,0,1,0,2,1,0,29,0,0,1,2,2,1,0,0
8487,1,48,2,1,0,0,0,0,0,4,3,1,0,0,0,0,0,2,0,0,24,0,0,1,1,2,1,0,0
6887,0,36,3,0,0,0,0,1,0,0,2,4,0,1,0,0,0,3,0,0,29,1,0,1,1,2,1,1,0
2708,3,15,2,0,0,1,0,0,0,0,1,2,0,1,0,0,0,3,0,0,27,1,0,1,2,1,1,0,0
1984,3,18,2,0,0,1,0,0,0,0,2,4,0,1,0,0,0,4,0,1,47,1,0,0,2,2,1,0,0
10144,3,60,2,0,0,0,1,0,0,1,3,2,0,0,0,0,0,4,1,0,21,0,0,1,1,2,1,1,0
1240,3,12,4,0,0,0,1,0,0,4,4,4,0,0,0,0,0,2,1,0,38,0,0,1,2,2,1,1,0
8613,3,27,3,0,1,0,0,0,0,3,2,2,0,1,0,0,0,2,0,0,27,0,0,1,2,2,1,0,0
766,1,12,2,0,0,0,1,0,0,2,2,4,0,1,0,0,0,3,1,0,66,0,0,1,1,1,1,0,0
2728,1,15,4,0,0,0,1,0,0,4,3,4,0,1,0,0,1,2,1,0,35,1,0,1,3,2,1,1,0
1881,2,12,2,0,0,0,1,0,0,0,2,2,0,0,0,0,0,2,0,0,44,0,1,0,1,1,1,1,0
709,2,6,2,1,0,0,0,0,0,3,1,2,0,0,1,0,0,2,1,0,27,0,0,1,1,0,1,0,1
4795,1,36,2,0,0,0,1,0,0,0,1,4,0,0,0,0,0,1,0,1,30,0,0,1,1,3,1,1,0
3416,0,27,2,0,0,0,1,0,0,0,2,3,0,1,0,0,0,2,0,0,27,0,0,1,1,3,1,0,0
2462,0,18,2,0,0,1,0,0,0,0,2,2,0,1,0,0,0,2,0,0,22,0,0,1,1,2,1,0,0
2288,3,21,4,0,0,1,0,0,0,0,1,4,0,0,0,0,0,4,0,0,23,0,0,1,1,2,1,1,0
3566,1,48,1,0,0,0,0,0,1,1,3,4,0,1,0,0,0,2,0,0,30,0,0,1,1,2,1,0,0
860,0,6,4,1,0,0,0,0,0,0,4,1,0,0,0,0,0,4,0,1,39,0,0,1,2,2,1,1,0
682,3,12,4,1,0,0,0,0,0,1,3,4,0,0,0,0,0,3,0,0,51,0,0,1,2,2,1,1,0
5371,0,36,4,0,0,1,0,0,0,0,2,3,0,1,0,0,1,2,0,0,28,0,0,1,2,2,1,0,0
1582,3,18,4,0,0,0,1,0,0,3,4,4,0,1,0,0,0,4,0,0,46,0,0,1,2,2,1,0,0
1346,3,6,2,0,0,0,1,0,0,1,4,2,0,1,0,0,0,4,0,1,42,1,0,0,1,2,2,1,0
1924,3,10,2,0,0,0,1,0,0,0,2,1,0,1,0,0,0,4,0,0,38,0,0,1,1,2,1,1,1
5848,2,36,2,0,0,0,1,0,0,0,2,4,0,1,0,0,0,1,0,0,24,0,0,1,1,2,1,0,0
7758,1,24,4,0,1,0,0,0,0,3,4,2,0,0,0,0,0,4,0,1,29,0,1,0,1,2,1,0,0
6967,1,24,3,0,0,0,0,0,1,1,3,4,0,1,0,0,0,4,0,0,36,0,1,0,1,3,1,1,0
1282,0,12,2,0,0,1,0,0,0,0,2,2,0,0,0,0,0,4,0,0,20,0,1,0,1,2,1,0,0
1288,0,9,4,0,0,0,0,0,0,1,4,3,0,1,0,0,1,4,1,0,48,0,0,1,2,2,2,0,1
339,0,12,1,0,0,0,0,0,0,0,4,4,0,0,1,0,0,1,0,0,45,1,0,1,1,1,1,0,0
3512,1,24,2,1,0,0,0,0,0,1,3,2,0,1,0,0,0,3,0,0,38,1,0,1,2,2,1,1,0
1898,3,6,4,0,0,0,1,0,0,4,2,1,0,1,0,0,0,2,1,0,34,0,0,1,2,1,2,0,0
2872,3,24,4,0,0,0,1,0,0,1,4,3,0,1,0,0,0,4,1,0,36,0,0,1,1,2,2,1,0
1055,3,18,4,1,0,0,0,0,0,0,1,4,0,0,0,0,0,1,0,0,30,0,0,1,2,2,1,0,0
1262,3,15,2,0,0,0,0,0,0,2,3,4,0,1,0,0,0,3,0,0,36,0,0,1,2,2,1,1,0
7308,1,10,2,1,0,0,0,0,0,0,0,2,0,1,0,0,0,4,0,1,70,1,0,0,1,3,1,1,0
909,3,36,2,1,0,0,0,0,0,2,4,4,0,1,0,0,0,4,0,0,36,0,0,1,1,2,1,0,0
2978,3,6,2,0,0,1,0,0,0,2,2,1,0,1,0,0,0,2,0,0,32,0,0,1,1,2,1,1,0
1131,0,18,2,0,0,1,0,0,0,0,0,4,0,0,0,0,0,2,0,0,33,0,0,1,1,2,1,0,0
1577,1,11,2,0,0,1,0,0,0,3,1,4,0,0,0,0,0,1,1,0,20,0,0,1,1,2,1,0,0
3972,3,24,2,0,0,1,0,0,0,0,3,2,0,0,0,0,0,4,0,0,25,0,1,0,1,2,1,1,0
1935,1,24,4,0,0,0,0,0,1,0,4,4,1,0,0,0,0,4,1,0,31,0,0,1,2,2,1,1,0
950,0,15,0,1,0,0,0,0,0,0,4,4,0,1,0,0,0,3,0,0,33,0,1,0,2,2,2,0,0
763,3,12,2,0,0,1,0,0,0,0,2,4,0,0,0,0,0,1,1,0,26,0,0,1,1,2,1,1,0
2064,1,24,3,0,0,1,0,0,0,0,0,3,0,0,0,0,0,2,0,0,34,0,0,1,1,3,1,1,0
1414,1,8,2,0,0,0,1,0,0,0,2,4,0,1,0,0,1,2,1,0,33,0,0,1,1,2,1,0,1
3414,0,21,3,0,0,0,0,1,0,0,1,2,0,1,0,0,0,1,0,0,26,0,0,1,2,2,1,0,0
7485,3,30,1,0,1,0,0,0,0,4,0,4,0,0,0,0,0,1,1,0,53,1,0,1,1,3,1,1,0
2577,0,12,2,0,0,1,0,0,0,0,2,2,1,0,0,0,0,1,0,0,42,0,0,1,1,2,1,0,0
338,0,6,4,0,0,0,1,0,0,2,4,4,0,1,0,0,0,4,0,0,52,0,0,1,2,2,1,0,0
1963,3,12,2,0,0,0,1,0,0,0,3,4,0,1,0,0,0,2,0,0,31,0,1,0,2,3,2,1,0
571,0,21,4,1,0,0,0,0,0,0,4,4,0,1,0,0,0,4,1,0,65,0,0,1,2,2,1,0,0
9572,3,36,3,0,0,0,0,0,1,0,1,1,1,0,0,0,0,1,0,0,28,0,0,1,2,2,1,0,0
4455,1,36,3,0,0,0,0,0,1,0,2,2,1,0,0,0,0,2,1,0,30,1,0,1,2,3,1,1,0
1647,0,21,1,1,0,0,0,0,0,4,2,4,0,1,0,0,0,2,0,0,40,0,0,1,2,1,2,0,0
3777,3,24,4,0,0,1,0,0,0,3,2,4,0,1,0,0,0,4,1,0,50,0,0,1,1,2,1,1,0
884,1,18,4,1,0,0,0,0,0,0,4,4,0,1,0,0,0,4,0,0,36,1,0,1,1,2,2,1,0
1360,3,15,4,0,0,0,1,0,0,0,2,4,0,1,0,0,0,2,0,0,31,0,0,1,2,2,1,0,0
5129,1,9,1,0,1,0,0,0,0,0,4,2,0,0,0,0,0,4,0,1,74,1,0,0,1,3,2,1,0
1175,1,16,4,1,0,0,0,0,0,0,0,2,0,1,0,0,0,3,0,0,68,0,0,0,3,0,1,1,0
674,0,12,2,0,0,0,1,0,0,1,3,4,0,0,1,0,0,1,0,0,20,0,0,1,1,2,1,0,0
3244,1,18,0,0,0,1,0,0,0,0,2,1,0,0,0,0,0,4,0,0,33,1,0,1,2,2,1,1,0
4591,3,24,2,0,0,0,0,0,1,3,2,2,0,1,0,0,0,3,0,0,54,0,0,1,3,3,1,1,0
3844,1,48,0,0,0,0,0,0,1,1,3,4,0,1,0,0,0,4,0,1,34,0,0,0,1,1,2,0,0
3915,1,27,2,0,0,0,0,0,1,0,2,4,0,1,0,0,0,2,0,0,36,0,0,1,1,2,2,1,0
2108,3,6,2,0,0,0,1,0,0,0,3,2,0,0,1,0,0,2,1,0,29,0,1,0,1,2,1,0,0
3031,1,45,2,0,0,0,1,0,0,1,2,4,0,1,0,0,1,4,0,0,21,0,1,0,1,2,1,0,0
1501,1,9,4,0,0,0,0,1,0,0,4,2,0,0,0,0,0,3,0,0,34,0,0,1,2,3,1,1,0
1382,3,6,4,0,0,0,1,0,0,0,2,1,0,0,0,0,0,1,0,0,28,0,0,1,2,2,1,1,0
951,1,12,2,0,0,1,0,0,0,1,1,4,0,0,0,0,0,4,0,0,27,1,1,0,4,2,1,0,0
2760,1,24,2,0,1,0,0,0,0,4,4,4,0,1,0,0,0,4,0,1,36,1,0,0,1,2,1,1,0
4297,1,18,3,0,0,1,0,0,0,0,4,4,1,0,0,0,0,3,0,1,40,0,0,1,1,3,1,1,0
936,3,9,4,0,0,0,0,1,0,2,4,4,0,1,0,0,0,2,0,0,52,0,0,1,2,2,1,1,0
1168,0,12,2,1,0,0,0,0,0,0,2,4,0,0,1,0,0,3,1,0,27,0,0,1,1,1,1,0,0
5117,3,27,3,0,0,0,0,0,1,0,3,3,0,1,0,0,0,4,0,0,26,0,0,1,2,2,1,0,0
902,0,12,2,0,0,0,0,0,0,0,3,4,0,0,1,0,0,4,0,0,21,0,1,0,1,2,1,0,0
1495,3,12,4,1,0,0,0,0,0,0,4,4,0,1,0,0,0,1,1,0,38,0,0,1,2,1,2,0,0
10623,0,30,4,0,1,0,0,0,0,0,4,3,0,1,0,0,0,4,0,1,38,0,0,0,3,3,2,1,0
1935,3,12,4,0,0,1,0,0,0,0,4,4,0,1,0,0,0,4,1,0,43,0,0,1,3,2,1,1,0
1424,1,12,4,0,0,0,0,0,0,0,3,4,0,1,0,0,0,3,0,0,26,0,0,1,1,2,1,0,0
6568,0,24,2,0,0,0,0,0,1,0,2,2,0,0,1,0,0,2,0,0,21,1,0,1,1,1,1,0,0
1413,3,12,2,0,1,0,0,0,0,3,3,3,0,1,0,0,0,2,0,0,55,0,0,1,1,2,1,0,1
3074,3,9,4,0,0,0,1,0,0,4,2,1,0,1,0,0,0,2,1,0,33,0,0,1,2,2,2,0,0
3835,3,36,2,0,0,0,1,0,0,4,4,2,0,0,0,0,0,4,1,0,45,0,0,1,1,1,1,1,0
5293,0,27,0,0,0,0,0,0,1,0,0,2,0,1,0,0,0,4,0,0,50,1,0,1,2,2,1,1,0
1908,2,30,3,0,0,0,0,0,1,0,4,4,0,1,0,0,0,4,1,0,66,0,0,1,1,3,1,1,0
3342,3,36,4,0,0,0,1,0,0,4,4,4,0,1,0,0,0,2,0,0,51,0,0,1,1,2,1,1,0
932,1,6,4,0,0,0,0,0,0,4,3,1,0,0,0,0,0,3,0,0,39,0,0,1,2,1,1,0,0
3104,0,18,0,0,0,0,0,0,1,0,3,3,0,1,0,0,0,1,0,0,31,1,0,1,1,2,1,1,0
3913,2,36,2,0,0,0,1,0,0,0,2,2,0,1,0,0,0,2,1,0,23,0,0,1,1,2,1,1,0
3021,0,24,2,0,0,1,0,0,0,0,2,2,1,0,0,0,0,2,1,0,24,0,1,0,1,1,1,0,0
1364,3,10,2,1,0,0,0,0,0,0,2,2,0,0,0,0,0,4,0,0,64,0,0,1,1,2,1,1,0
625,1,12,2,0,0,0,1,0,0,0,1,4,0,0,1,0,1,1,1,0,26,1,0,1,1,1,1,0,0
1200,0,12,2,0,0,0,0,1,0,4,2,4,0,0,0,0,0,4,0,0,23,1,1,0,1,2,1,1,0
707,3,12,2,0,0,0,1,0,0,0,2,4,0,1,0,0,0,2,1,0,30,1,0,1,2,2,1,0,0
2978,3,24,3,0,0,0,0,0,1,4,2,4,0,1,0,0,0,4,1,0,32,0,0,1,2,2,2,1,0
4657,3,15,2,0,1,0,0,0,0,0,2,3,0,1,0,0,0,2,0,0,30,0,0,1,1,2,1,1,0
2613,3,36,0,0,0,0,0,0,0,0,2,4,0,1,0,0,0,2,0,0,27,0,0,1,2,2,1,0,0
10961,1,48,2,0,0,0,1,0,0,3,3,1,0,1,0,1,0,2,0,1,27,1,0,1,2,2,1,1,0
7865,0,12,2,0,0,1,0,0,0,0,4,4,0,1,0,0,0,4,0,1,53,0,0,0,1,3,1,1,0
1478,3,9,2,0,0,0,1,0,0,0,3,4,0,1,0,0,0,2,0,0,22,0,0,1,1,2,1,0,0
3149,0,24,2,0,0,1,0,0,0,0,1,4,0,1,0,0,0,1,0,1,22,1,0,0,1,2,1,0,0
4210,2,36,2,0,0,0,1,0,0,0,2,4,0,1,0,0,0,2,0,0,26,0,0,1,1,2,1,0,0
2507,3,9,2,1,0,0,0,0,0,2,4,2,0,1,0,0,0,4,0,1,51,0,0,0,1,1,1,0,0
2141,3,12,2,0,0,0,1,0,0,1,3,3,0,1,0,0,0,1,0,1,35,0,0,1,1,2,1,0,0
866,1,18,2,0,0,0,1,0,0,0,2,4,0,0,1,0,1,2,1,0,25,0,0,1,1,1,1,0,0
1544,3,4,4,0,0,0,1,0,0,0,3,2,0,1,0,0,0,1,1,0,42,0,0,1,3,1,2,0,0
1823,0,24,2,0,0,0,1,0,0,0,0,4,0,1,0,0,0,2,0,0,30,1,0,1,1,3,2,0,0
14555,1,6,2,1,0,0,0,0,0,4,0,1,0,1,0,0,0,2,0,0,23,0,0,1,1,0,1,1,0
2767,1,21,2,0,0,0,0,0,1,1,4,4,1,0,0,0,0,2,0,0,61,1,1,0,2,1,1,0,0
1291,3,12,4,0,0,0,1,0,0,0,2,4,0,0,0,0,0,2,0,0,35,0,0,1,2,2,1,0,0
2522,0,30,2,0,0,0,1,0,0,0,4,1,0,1,0,0,1,3,0,0,39,0,0,1,1,2,2,0,0
915,0,24,2,1,0,0,0,0,0,4,4,4,0,0,0,0,0,2,0,0,29,1,0,1,1,2,1,0,0
1595,3,6,2,0,0,0,1,0,0,0,3,3,0,1,0,0,0,2,0,0,51,0,0,1,1,2,2,0,0
4605,0,48,0,0,1,0,0,0,0,0,4,3,0,1,0,0,0,4,0,1,24,0,0,0,2,2,2,0,0
1185,3,12,4,0,0,0,0,0,1,0,2,3,0,0,0,0,0,2,1,0,27,0,0,1,2,2,1,0,0
3447,3,12,1,0,0,0,0,0,0,2,2,4,0,0,0,0,0,3,1,0,35,0,0,1,1,1,2,0,0
1258,3,24,2,0,0,0,0,0,1,0,3,4,0,1,0,0,0,1,1,0,25,0,0,1,1,2,1,1,0
717,3,12,4,0,0,0,1,0,0,0,4,4,0,1,0,0,0,4,1,0,52,0,0,1,3,2,1,0,0
1204,3,6,0,1,0,0,0,0,0,1,2,4,0,1,0,0,0,1,0,1,35,1,1,0,1,2,1,0,1
1925,2,24,2,0,0,1,0,0,0,0,2,2,0,1,0,0,0,2,1,0,26,0,0,1,1,2,1,0,0
433,3,18,2,0,0,0,1,0,0,0,0,3,0,0,0,1,0,4,1,0,22,0,1,0,1,2,1,0,0
666,0,6,4,1,0,0,0,0,0,3,3,3,0,0,0,0,0,4,1,0,39,0,0,1,2,1,1,1,0
2251,2,12,2,0,0,1,0,0,0,0,2,1,0,0,0,0,0,2,0,0,46,0,0,1,1,1,1,0,0
2150,1,30,2,1,0,0,0,0,0,0,2,4,0,0,0,0,1,2,0,1,24,1,0,1,1,2,1,0,0
4151,3,24,3,0,0,1,0,0,0,1,2,2,0,1,0,0,0,3,0,0,35,0,0,1,2,2,1,0,0
2030,1,9,2,0,0,1,0,0,0,4,3,2,0,1,0,0,0,1,0,0,24,0,0,1,1,2,1,1,0
7418,1,60,3,0,0,0,1,0,0,4,2,1,0,1,0,0,0,1,1,0,27,0,0,1,1,1,1,0,0
2684,3,24,4,0,0,0,1,0,0,0,2,4,0,1,0,0,0,2,1,0,35,0,0,1,2,1,1,0,0
2149,0,12,1,0,0,0,1,0,0,0,2,4,1,0,0,0,0,1,0,1,29,0,0,0,1,2,1,0,0
3812,3,15,2,0,1,0,0,0,0,1,1,1,0,0,0,0,0,4,0,0,23,0,0,1,1,2,1,1,0
1154,3,11,4,0,0,0,1,0,0,1,0,4,0,0,0,0,0,4,1,0,57,0,0,1,3,1,1,0,0
1657,0,12,2,0,0,1,0,0,0,0,2,2,0,1,0,0,0,2,1,0,27,0,0,1,1,2,1,0,0
1603,0,24,2,0,0,0,1,0,0,0,4,4,0,0,0,0,0,4,0,0,55,0,0,1,1,2,1,0,0
5302,0,18,4,1,0,0,0,0,0,0,4,2,0,1,0,0,0,4,0,1,36,0,0,0,3,3,1,1,0
2748,3,12,4,0,0,0,0,1,0,0,4,2,0,0,0,0,0,4,0,1,57,1,0,0,3,1,1,0,0
1231,3,10,4,1,0,0,0,0,0,0,4,3,0,1,0,0,0,4,1,0,32,0,0,1,2,1,2,0,1
802,1,15,2,0,0,0,1,0,0,0,4,4,0,1,0,0,0,3,0,0,37,0,0,1,1,2,2,0,0
6304,3,36,4,0,0,0,0,0,1,4,4,4,0,1,0,0,0,4,1,0,36,0,0,1,2,2,1,0,0
1533,3,24,2,0,0,0,1,0,0,0,1,4,0,0,0,0,0,3,0,0,38,1,0,1,1,2,1,1,0
8978,0,14,2,1,0,0,0,0,0,0,4,1,1,0,0,0,0,4,0,0,45,0,0,1,1,3,1,1,1
999,3,24,2,0,0,0,1,0,0,4,4,4,0,1,0,0,0,2,0,0,25,0,0,1,2,2,1,0,0
2662,3,18,2,1,0,0,0,0,0,4,3,4,0,1,0,0,0,3,0,0,32,0,0,1,1,2,1,0,1
1402,3,12,4,0,0,1,0,0,0,2,3,3,0,0,0,0,0,4,0,0,37,0,1,0,1,2,1,1,0
12169,1,48,1,1,0,0,0,0,0,4,0,4,0,1,0,1,0,4,0,1,36,0,0,0,1,3,1,1,0
3060,1,48,2,0,0,0,1,0,0,0,3,4,0,1,0,0,0,4,1,0,28,0,0,1,2,2,1,0,0
11998,0,30,2,0,0,0,0,0,0,0,1,1,1,0,0,0,0,1,0,1,34,0,0,1,1,1,1,1,0
2697,3,9,2,0,0,0,1,0,0,0,2,1,0,1,0,0,0,2,1,0,32,0,0,1,1,2,2,0,0
2404,3,18,4,0,0,0,1,0,0,0,2,2,0,0,0,0,0,2,0,0,26,0,0,1,2,2,1,0,0
1262,0,12,2,0,0,1,0,0,0,4,4,2,1,0,0,0,0,4,0,0,49,0,0,1,1,1,1,1,0
4611,3,6,2,0,0,1,0,0,0,0,1,1,0,0,0,0,0,4,0,0,32,0,0,1,1,2,1,0,0
1901,3,24,2,0,0,0,1,0,0,1,2,4,0,1,0,0,0,4,0,0,29,0,1,0,1,3,1,1,0
3368,3,15,4,0,1,0,0,0,0,3,4,3,0,1,0,0,0,4,0,1,23,0,1,0,2,2,1,1,0
1574,3,12,2,0,0,1,0,0,0,0,2,4,0,1,0,0,0,2,1,0,50,0,0,1,1,2,1,0,0
1445,2,18,1,0,0,0,1,0,0,4,3,4,0,1,0,0,0,4,0,0,49,1,0,1,1,1,1,0,0
1520,3,15,4,0,0,1,0,0,0,4,4,4,0,1,0,0,0,4,0,0,63,0,0,1,1,2,1,0,0
3878,1,24,4,1,0,0,0,0,0,1,1,4,1,0,0,0,0,2,0,0,37,0,0,1,1,2,1,1,0
10722,0,47,2,1,0,0,0,0,0,0,1,1,0,0,0,0,0,1,1,0,35,0,0,1,1,1,1,1,0
4788,0,48,2,0,1,0,0,0,0,0,3,4,0,1,0,0,0,3,0,0,26,0,0,1,1,2,2,0,0
7582,1,48,3,0,0,0,0,0,0,1,0,2,0,1,0,0,0,4,0,1,31,0,0,0,1,3,1,1,0
1092,1,12,2,0,0,0,1,0,0,0,2,4,0,0,0,0,1,4,1,0,49,0,0,1,2,2,1,1,0
1024,0,24,3,0,0,0,1,0,0,0,1,4,0,0,1,0,0,4,1,0,48,1,0,1,1,2,1,0,0
1076,3,12,2,0,0,0,0,0,1,0,2,2,0,0,1,0,0,2,1,0,26,0,0,1,1,2,1,1,1
9398,1,36,2,0,1,0,0,0,0,0,1,1,0,0,1,0,0,4,0,0,28,0,1,0,1,3,1,1,0
6419,0,24,4,0,1,0,0,0,0,0,4,2,0,0,0,0,0,4,0,1,44,0,0,0,2,3,2,1,0
4796,2,42,4,0,1,0,0,0,0,0,4,4,0,1,0,0,0,4,0,1,56,0,0,0,1,2,1,0,0
7629,3,48,4,0,0,0,0,0,1,4,4,4,1,0,0,0,0,2,0,0,46,1,0,1,2,3,2,0,0
9960,1,48,2,0,0,1,0,0,0,0,1,1,0,0,0,0,0,2,0,0,26,0,0,1,1,2,1,1,0
4675,3,12,2,0,1,0,0,0,0,4,1,1,0,0,0,0,0,4,0,0,20,0,1,0,1,2,1,0,0
1287,3,10,2,1,0,0,0,0,0,4,4,4,0,1,0,1,0,2,0,0,45,0,0,1,1,1,1,0,1
2515,3,18,2,0,0,1,0,0,0,0,2,3,0,1,0,0,0,4,1,0,43,0,0,1,1,2,1,1,0
2745,1,21,4,0,0,1,0,0,0,3,3,3,0,1,0,0,0,2,0,0,32,0,0,1,2,2,1,1,0
672,3,6,2,1,0,0,0,0,0,0,0,1,0,0,0,0,0,4,1,0,54,0,0,1,1,0,1,1,0
3804,1,36,0,0,0,0,1,0,0,0,2,4,0,0,0,0,0,1,0,0,42,0,0,1,1,2,1,1,0
1344,2,24,4,1,0,0,0,0,0,4,3,4,0,1,0,0,0,2,1,0,37,1,0,1,2,1,2,0,0
1038,0,10,4,1,0,0,0,0,0,0,3,4,0,1,0,1,0,3,0,0,49,0,0,1,2,2,1,1,0
10127,3,48,4,1,0,0,0,0,0,2,2,2,0,1,0,0,0,2,0,1,44,1,0,0,1,2,1,0,0
1543,3,6,2,0,0,1,0,0,0,3,2,4,1,0,0,0,0,2,1,0,33,0,0,1,1,2,1,0,0
4811,3,30,2,0,1,0,0,0,0,4,3,2,0,0,0,0,0,4,0,0,24,1,1,0,1,1,1,0,0
727,0,12,2,0,0,0,1,0,0,1,1,4,0,0,1,0,0,3,0,1,33,0,0,1,1,1,1,1,0
1237,1,8,2,0,0,1,0,0,0,0,2,3,0,0,0,0,0,4,1,0,24,0,0,1,1,2,1,0,0
276,1,9,2,1,0,0,0,0,0,0,2,4,0,0,1,0,0,4,1,0,22,0,1,0,1,1,1,0,0
5381,1,48,2,0,0,0,0,0,0,4,0,3,0,1,0,0,0,4,0,1,40,1,0,0,1,0,1,1,0
5511,3,24,2,0,0,1,0,0,0,1,2,4,0,1,0,0,0,1,0,0,25,1,0,1,1,2,1,0,0
3749,2,24,2,0,0,1,0,0,0,0,1,2,0,0,0,0,0,4,0,0,26,0,0,1,1,2,1,0,0
685,1,12,2,1,0,0,0,0,0,0,3,2,0,0,1,0,0,3,0,0,25,1,0,1,1,1,1,0,0
1494,2,4,2,1,0,0,0,0,0,4,1,1,0,1,0,0,0,2,1,0,29,0,0,1,1,1,2,0,1
2746,0,36,1,0,0,1,0,0,0,0,4,4,0,1,0,0,0,4,0,0,31,1,0,1,1,2,1,0,0
708,0,12,2,0,0,1,0,0,0,0,2,2,0,1,0,0,1,3,0,0,38,0,0,1,1,1,2,0,0
4351,1,24,2,0,0,1,0,0,0,4,2,1,0,0,0,0,0,4,0,0,48,0,0,1,1,1,1,1,0
701,3,12,4,0,0,0,0,1,0,0,2,4,0,1,0,0,0,2,0,0,32,0,0,1,2,2,1,0,0
3643,0,15,3,0,0,1,0,0,0,0,4,1,0,0,0,0,0,4,0,0,27,0,0,1,2,1,1,0,0
4249,1,30,4,1,0,0,0,0,0,0,0,4,0,0,1,0,0,2,0,0,28,0,0,1,2,3,1,0,0
1938,0,24,2,0,0,0,1,0,0,0,1,4,1,0,0,0,0,3,0,0,32,0,0,1,1,2,1,0,0
2910,0,24,2,0,1,0,0,0,0,0,3,2,0,1,0,0,0,1,0,1,34,0,0,0,1,3,1,1,0
2659,0,18,2,0,0,1,0,0,0,3,2,4,0,1,0,0,0,2,0,0,28,0,0,1,1,2,1,0,0
1028,3,18,4,1,0,0,0,0,0,0,2,4,0,0,0,0,0,3,1,0,36,0,0,1,2,2,1,0,0
3398,0,8,4,1,0,0,0,0,0,0,3,1,0,1,0,0,0,4,1,0,39,0,0,1,2,1,1,0,1
5801,3,12,4,0,0,1,0,0,0,4,4,2,0,1,0,0,0,4,0,0,49,0,1,0,1,2,1,1,0
1525,3,24,2,1,0,0,0,0,0,3,3,4,0,0,0,0,0,3,0,0,34,0,0,1,1,2,2,1,0
4473,2,36,2,0,0,0,1,0,0,0,4,4,0,1,0,0,0,2,0,0,31,0,0,1,1,2,1,0,0
1068,1,6,2,0,0,0,1,0,0,0,4,4,0,1,0,0,0,4,0,0,28,0,0,1,1,2,2,0,0
6615,0,24,4,0,1,0,0,0,0,0,0,2,0,1,0,0,0,4,0,1,75,0,0,0,2,3,1,1,0
1864,3,18,4,0,0,0,0,1,0,1,2,4,0,0,0,0,0,2,1,0,30,0,0,1,2,2,1,0,0
7408,1,60,2,1,0,0,0,0,0,1,1,4,0,0,0,0,0,2,0,0,24,0,0,1,1,3,1,0,0
11590,3,48,4,0,1,0,0,0,0,1,2,2,0,0,0,0,0,4,0,0,24,1,1,0,2,1,1,0,0
4110,0,24,0,0,0,1,0,0,0,0,4,3,0,1,0,0,0,4,0,1,23,1,1,0,2,2,2,0,0
3384,0,6,4,0,0,1,0,0,0,0,2,1,1,0,0,0,0,4,1,0,44,0,1,0,1,3,1,1,0
2101,1,13,2,0,0,0,1,0,0,0,1,2,0,0,0,0,1,4,0,0,23,0,0,1,1,1,1,0,0
1275,0,15,2,0,0,0,0,0,0,4,2,4,0,0,0,0,0,2,0,0,24,0,1,0,1,2,1,0,0
4169,0,24,2,0,0,1,0,0,0,0,2,4,0,1,0,0,0,4,0,0,28,0,0,1,1,2,1,0,0
1521,1,10,2,0,0,1,0,0,0,0,2,4,1,0,0,0,0,2,0,0,31,0,0,1,1,1,1,0,0
5743,1,24,4,0,0,0,0,1,0,0,1,2,0,0,0,0,0,4,0,1,24,0,0,0,2,2,1,1,0
3599,0,21,2,0,0,1,0,0,0,0,3,1,0,0,0,0,0,4,0,0,26,0,1,0,1,1,1,0,0
3213,1,18,2,0,0,0,1,0,0,2,1,1,0,0,1,0,0,3,1,0,25,0,1,0,1,2,1,0,0
4439,1,18,2,0,0,0,0,0,1,0,4,1,0,1,0,1,0,1,1,0,33,1,0,1,1,3,1,1,0
3949,2,10,2,1,0,0,0,0,0,0,1,1,0,1,0,0,1,1,0,0,37,0,0,1,1,1,2,0,0
1459,3,15,4,0,0,0,1,0,0,0,2,4,0,0,0,0,0,2,0,0,43,0,0,1,1,1,1,0,0
882,1,13,4,0,0,0,1,0,0,0,1,4,0,1,0,0,1,4,1,0,23,0,0,1,2,2,1,0,0
3758,1,24,2,0,0,0,1,0,0,2,0,1,0,0,0,0,0,4,0,1,23,0,1,0,1,0,1,0,0
1743,3,6,3,0,0,0,0,0,1,1,2,1,0,1,0,0,0,2,1,0,34,0,0,1,2,1,1,0,0
1136,1,9,4,0,0,0,0,1,0,3,4,4,0,1,0,0,0,3,0,1,32,0,0,0,2,2,2,0,0
1236,3,9,2,0,0,0,0,0,0,0,1,1,0,0,0,0,0,4,1,0,23,0,1,0,1,2,1,1,0
959,1,9,2,0,0,1,0,0,0,0,2,1,0,0,0,0,0,2,0,0,29,0,0,1,1,2,1,0,1
3229,3,18,4,0,1,0,0,0,0,4,0,2,0,1,0,0,0,4,0,1,38,0,0,1,1,3,1,1,0
6199,0,12,0,0,0,0,1,0,0,0,2,4,0,1,0,0,0,2,0,0,28,0,1,0,2,2,1,1,0
727,3,10,2,0,0,0,0,1,0,2,4,4,0,1,0,0,0,4,0,1,46,0,0,0,1,2,1,1,0
1246,1,24,2,1,0,0,0,0,0,0,1,4,0,1,0,0,0,2,1,0,23,1,0,1,1,1,1,0,0
2331,3,12,4,0,0,0,1,0,0,4,4,1,0,1,0,1,0,4,1,0,49,0,0,1,1,2,1,1,0
4463,3,36,3,0,0,0,1,0,0,0,2,4,0,1,0,0,0,2,0,0,26,0,0,1,2,3,1,1,0
776,3,12,2,0,0,0,1,0,0,0,2,4,0,0,1,0,0,2,1,0,28,0,0,1,1,2,1,0,0
2406,0,30,2,0,0,1,0,0,0,0,3,4,0,0,0,0,0,4,1,0,23,0,1,0,1,2,1,0,0
1239,1,18,2,0,0,0,0,1,0,4,2,4,0,1,0,0,0,4,0,1,61,0,0,0,1,2,1,0,0
3399,2,12,2,0,0,0,1,0,0,4,4,2,0,1,0,0,0,3,0,0,37,0,0,1,1,3,1,0,0
2247,2,12,3,1,0,0,0,0,0,0,2,2,0,0,0,0,0,2,0,0,36,1,0,1,2,2,1,1,0
1766,3,6,2,0,0,1,0,0,0,0,2,1,0,0,1,0,0,2,0,0,21,0,1,0,1,2,1,0,0
2473,0,18,2,0,0,1,0,0,0,0,0,4,0,1,0,0,0,1,0,0,25,0,0,1,1,0,1,0,0
1542,3,12,2,0,0,0,0,0,1,0,3,2,0,1,0,0,0,4,0,0,36,0,0,1,1,2,1,1,0
3850,3,18,4,0,1,0,0,0,0,0,3,3,0,1,0,0,0,1,0,0,27,0,0,1,2,2,1,0,0
3650,0,18,2,0,0,1,0,0,0,0,1,1,0,0,0,0,0,4,0,0,22,0,1,0,1,2,1,0,0
3446,0,36,2,0,0,1,0,0,0,0,4,4,0,1,0,0,0,2,0,0,42,0,0,1,1,2,2,0,0
3001,1,18,2,0,0,1,0,0,0,0,3,2,0,0,0,0,0,4,1,0,40,0,1,0,1,2,1,0,0
3079,3,36,2,1,0,0,0,0,0,4,2,4,0,1,0,0,0,4,1,0,36,0,0,1,1,2,1,0,0
6070,3,18,4,0,0,0,1,0,0,0,4,3,0,1,0,0,0,4,0,0,33,0,0,1,2,2,1,1,0
2146,3,10,4,0,0,1,0,0,0,0,1,1,0,0,0,0,0,3,1,0,23,0,1,0,2,2,1,0,0
13756,3,60,4,1,0,0,0,0,0,4,4,2,0,1,0,0,0,4,0,1,63,1,0,0,1,3,1,1,0
14782,1,60,1,0,0,0,0,0,0,1,4,3,0,0,0,0,0,4,0,1,60,1,0,0,2,3,1,1,0
7685,0,48,1,0,0,0,0,0,1,0,3,2,0,0,0,0,1,4,0,0,37,0,1,0,1,2,1,0,0
2320,3,18,3,0,0,0,1,0,0,0,0,2,0,0,1,0,0,3,1,0,34,0,0,1,2,2,1,0,0
846,3,7,3,0,0,0,1,0,0,4,4,3,0,1,0,0,0,4,0,1,36,0,0,0,1,2,1,0,0
14318,1,36,2,1,0,0,0,0,0,0,4,4,0,1,0,0,0,2,0,1,57,0,0,0,1,3,1,1,0
362,3,6,4,1,0,0,0,0,0,1,2,4,0,0,0,0,0,4,0,0,52,0,0,1,2,1,1,0,0
2212,0,20,2,0,0,1,0,0,0,4,3,4,0,1,0,0,0,4,0,0,39,0,0,1,1,2,1,1,0
12976,1,18,2,0,1,0,0,0,0,0,0,3,0,0,0,0,0,4,0,1,38,0,0,0,1,3,1,1,0
1283,3,22,2,1,0,0,0,0,0,4,3,4,0,0,0,0,0,4,0,0,25,0,1,0,1,2,1,0,0
1330,2,12,2,1,0,0,0,0,0,0,1,4,0,1,0,0,0,1,1,0,26,0,0,1,1,2,1,0,0
4272,3,30,3,0,0,0,0,0,1,1,2,2,0,1,0,0,0,2,0,0,26,0,0,1,2,1,1,0,0
2238,3,18,4,0,0,0,1,0,0,0,2,2,0,0,0,0,0,1,0,0,25,0,0,1,2,2,1,0,0
1126,3,18,2,0,0,0,1,0,0,4,1,4,0,0,0,0,0,2,1,0,21,0,1,0,1,2,1,1,0
7374,1,18,4,0,0,1,0,0,0,0,0,4,0,1,0,0,0,4,0,0,40,1,0,1,2,3,1,1,0
2326,1,15,4,0,0,0,0,0,1,2,2,2,0,1,0,0,0,4,0,0,27,1,0,1,1,2,1,0,0
1449,3,9,2,0,0,0,0,0,1,0,3,3,0,0,0,0,0,2,0,0,27,0,0,1,2,2,1,0,0
1820,3,18,2,1,0,0,0,0,0,0,2,2,0,0,1,0,0,2,0,0,30,0,0,1,1,3,1,1,0
983,1,12,2,0,0,1,0,0,0,3,1,1,0,0,0,0,0,4,1,0,19,0,1,0,1,1,1,0,0
3249,0,36,2,1,0,0,0,0,0,0,3,2,0,1,0,0,0,4,0,1,39,1,0,0,1,3,2,1,0
1957,0,6,4,0,0,0,1,0,0,0,3,1,0,0,0,0,0,4,0,0,31,0,0,1,1,2,1,0,0
2406,3,9,4,0,0,1,0,0,0,0,0,2,0,1,0,0,0,3,0,0,31,0,0,1,1,3,1,0,0
11760,1,39,3,0,0,0,0,1,0,1,3,2,0,1,0,0,0,3,0,1,32,0,1,0,1,2,1,1,0
2578,0,12,2,0,0,1,0,0,0,0,0,3,0,0,0,0,0,4,0,1,55,0,0,0,1,3,1,0,0
2348,0,36,4,0,0,1,0,0,0,0,2,3,0,0,1,0,0,2,0,0,46,0,0,1,2,2,1,1,0
1223,1,12,2,1,0,0,0,0,0,0,4,1,1,0,0,0,0,1,1,0,46,0,1,0,2,2,1,0,0
1516,3,24,4,0,0,0,1,0,0,3,2,4,0,0,0,0,0,1,1,0,43,0,0,1,2,1,1,0,0
1473,3,18,2,0,0,0,1,0,0,0,1,3,0,0,1,0,0,4,1,0,39,0,0,1,1,2,1,1,0
1887,1,18,4,0,0,0,0,0,1,4,2,4,0,0,1,0,0,4,1,0,28,1,0,1,2,2,1,0,0
8648,3,24,3,0,0,0,0,0,1,0,1,2,0,1,0,0,0,2,0,0,27,1,0,1,2,2,1,1,0
802,3,14,3,1,0,0,0,0,0,0,2,4,0,1,0,0,0,2,0,0,27,0,0,1,2,1,1,0,0
2899,1,18,3,1,0,0,0,0,0,4,4,4,0,1,0,0,0,4,0,0,43,0,0,1,1,2,2,0,0
2039,1,24,2,0,0,0,1,0,0,0,1,1,0,0,1,0,0,1,0,0,22,0,0,1,1,2,1,1,0
2197,3,24,4,0,1,0,0,0,0,4,3,4,0,1,0,0,0,4,0,0,43,0,0,1,2,2,2,1,0
1053,0,15,2,0,0,0,1,0,0,0,1,4,0,0,1,0,0,2,1,0,27,0,0,1,1,2,1,0,1
3235,3,24,2,0,0,0,1,0,0,2,4,3,1,0,0,0,0,2,0,0,26,0,0,1,1,3,1,1,0
939,2,12,4,1,0,0,0,0,0,2,3,4,0,0,1,0,0,2,1,0,28,0,0,1,3,2,1,1,0
1967,1,24,2,0,0,0,1,0,0,0,4,4,0,0,0,0,0,4,0,0,20,0,0,1,1,2,1,1,0
7253,3,33,4,0,1,0,0,0,0,0,3,3,0,1,0,0,0,2,0,0,35,0,0,1,2,3,1,1,0
2292,3,12,4,0,0,0,0,0,1,0,0,4,0,1,0,0,0,2,0,0,42,1,0,1,2,3,1,1,0
1597,3,10,2,1,0,0,0,0,0,2,2,3,0,1,0,0,0,2,0,1,40,0,1,0,1,1,2,0,1
1381,0,24,2,1,0,0,0,0,0,4,2,4,0,0,0,0,0,2,0,0,35,0,0,1,1,2,1,0,0
5842,3,36,4,0,1,0,0,0,0,0,4,2,0,1,0,0,0,2,0,0,35,0,0,1,2,2,2,1,0
2579,0,12,2,1,0,0,0,0,0,0,1,4,0,1,0,0,0,1,1,0,33,0,0,1,1,1,2,0,0
8471,0,18,3,0,0,0,0,1,0,4,2,1,0,0,0,0,0,2,0,0,23,0,1,0,2,2,1,1,0
2782,3,21,2,1,0,0,0,0,0,2,3,1,0,0,0,0,0,2,0,0,31,1,0,1,1,3,1,0,0
1042,1,18,2,1,0,0,0,0,0,4,2,4,0,0,0,0,0,2,0,0,33,0,0,1,1,2,1,0,0
3186,3,15,2,1,0,0,0,0,0,3,3,2,0,0,0,0,0,3,0,0,20,0,1,0,1,2,1,0,0
2028,1,12,2,0,1,0,0,0,0,4,2,4,0,1,0,0,0,2,0,0,30,0,0,1,1,2,1,0,0
958,1,12,4,1,0,0,0,0,0,0,3,2,0,1,0,0,0,3,1,0,47,0,0,1,2,1,2,0,0
1591,3,21,3,0,0,1,0,0,0,1,3,4,0,1,0,0,0,3,1,0,34,0,0,1,2,3,1,0,0
2762,1,12,2,0,0,1,0,0,0,4,4,1,0,0,0,0,0,2,0,0,25,1,0,1,1,2,1,1,0
2779,1,18,2,0,1,0,0,0,0,0,2,1,0,0,1,0,0,3,0,0,21,0,1,0,1,2,1,1,0
2743,3,28,4,0,0,0,1,0,0,0,4,4,0,1,0,0,0,2,0,0,29,0,0,1,2,2,1,0,0
1149,3,18,4,0,0,0,1,0,0,3,2,4,0,1,0,0,0,3,1,0,46,0,0,1,2,2,1,0,0
1313,3,9,2,0,0,1,0,0,0,0,4,1,0,1,0,0,0,4,0,0,20,0,0,1,1,2,1,0,0
1190,0,18,4,0,0,0,0,0,0,0,0,2,0,0,0,0,0,4,0,1,55,0,0,0,3,0,2,0,0
3448,3,5,2,0,0,0,0,0,1,0,3,1,0,1,0,0,0,4,1,0,74,0,0,1,1,1,1,0,0
11328,1,24,2,0,0,0,0,0,0,0,2,2,0,1,0,1,0,3,0,0,29,1,0,1,2,3,1,1,0
1872,0,6,4,0,0,1,0,0,0,0,0,4,0,1,0,0,0,4,0,1,36,0,0,0,3,3,1,1,0
2058,3,24,4,0,0,0,0,0,0,0,2,4,1,0,0,0,0,2,1,0,33,0,0,1,2,2,1,1,0
2136,0,9,2,0,0,1,0,0,0,0,2,3,0,1,0,0,0,2,1,0,25,0,0,1,1,2,1,0,0
1484,1,12,2,0,0,0,1,0,0,4,2,2,0,0,1,0,0,1,1,0,25,0,0,1,1,2,1,1,0
660,3,6,2,0,0,0,0,0,0,2,3,2,0,0,1,0,0,4,1,0,23,0,1,0,1,1,1,0,0
1287,3,24,4,1,0,0,0,0,0,3,4,4,0,0,0,0,0,4,1,0,37,0,0,1,2,2,1,1,0
3394,0,42,4,0,0,0,0,0,0,0,0,4,0,1,0,1,0,4,0,0,65,0,0,1,2,0,1,0,0
609,2,12,1,0,0,0,0,0,1,0,1,4,0,0,0,0,0,1,1,0,26,0,0,1,1,0,1,0,0
1884,3,12,2,1,0,0,0,0,0,0,4,4,0,1,0,0,0,4,0,0,39,0,0,1,1,3,1,1,0
1620,0,12,2,0,0,1,0,0,0,0,2,2,0,0,0,1,0,3,0,0,30,0,0,1,1,2,1,0,0
2629,1,20,3,0,0,0,0,0,0,0,2,2,0,1,0,0,0,3,0,0,29,1,0,1,2,2,1,1,0
719,3,12,2,0,0,0,0,1,0,0,4,4,0,1,0,0,0,4,0,0,41,1,0,1,1,1,2,0,0
5096,1,48,4,0,0,1,0,0,0,0,2,2,0,0,0,0,0,3,0,0,30,0,0,1,1,3,1,1,0
1244,3,9,4,0,0,0,0,1,0,4,4,4,0,0,0,0,0,4,0,0,41,0,1,0,2,1,1,0,0
1842,0,36,2,1,0,0,0,0,0,0,1,4,0,0,0,0,0,4,0,0,34,0,0,1,1,2,1,1,0
2576,1,7,2,0,0,0,1,0,0,0,2,2,0,1,0,0,1,2,1,0,35,0,0,1,1,2,1,0,0
1424,2,12,2,0,0,1,0,0,0,4,4,3,0,0,0,0,0,4,1,0,55,0,0,1,1,3,1,1,0
1512,1,15,3,0,0,0,0,0,0,3,2,3,0,0,1,0,0,3,0,0,61,1,0,1,2,2,1,0,0
11054,3,36,4,0,1,0,0,0,0,4,2,4,0,1,0,0,0,2,0,0,30,0,0,1,1,3,1,1,0
518,3,6,2,0,0,0,1,0,0,0,2,3,0,0,0,0,0,1,1,0,29,0,0,1,1,2,1,0,0
2759,3,12,0,0,0,1,0,0,0,0,4,2,0,1,0,0,0,4,0,0,34,0,0,1,2,2,1,0,0
2670,3,24,2,0,1,0,0,0,0,0,4,4,0,1,0,0,0,4,0,0,35,0,0,1,1,3,1,1,0
4817,0,24,2,1,0,0,0,0,0,0,3,2,0,1,0,1,0,3,0,0,31,0,0,1,1,2,1,1,0
2679,3,24,2,0,1,0,0,0,0,0,1,4,0,0,0,0,0,1,0,1,29,0,0,1,1,3,1,1,0
3905,0,11,4,1,0,0,0,0,0,0,2,2,0,1,0,0,0,2,1,0,36,0,1,0,2,2,2,0,0
3386,0,12,2,0,1,0,0,0,0,0,4,3,0,1,0,0,0,4,0,1,35,0,0,0,1,2,1,1,0
343,0,6,2,0,0,0,0,0,0,0,1,4,0,0,0,0,0,1,1,0,27,0,0,1,1,2,1,0,0
4594,3,18,2,0,0,0,1,0,0,0,1,3,0,1,0,0,0,2,0,0,32,0,0,1,1,2,1,1,0
3620,0,36,2,0,0,1,0,0,0,0,2,1,0,1,0,0,1,2,0,0,37,0,0,1,1,2,2,0,0
1721,0,15,2,1,0,0,0,0,0,0,1,2,0,1,0,0,0,3,1,0,36,0,0,1,1,2,1,0,0
3017,1,12,2,0,0,1,0,0,0,0,1,3,0,0,0,0,0,1,1,0,34,0,1,0,1,3,1,0,0
754,1,12,2,0,0,0,0,0,0,4,4,4,0,1,0,0,0,4,0,0,38,0,0,1,2,2,1,0,0
1950,3,18,2,0,0,0,0,0,1,0,3,4,0,1,0,0,0,1,0,0,34,1,0,1,2,2,1,1,0
2924,0,24,2,0,1,0,0,0,0,0,2,3,0,1,0,0,1,4,0,1,63,1,0,1,1,2,2,1,0
1659,0,24,3,0,0,0,1,0,0,0,1,4,0,0,0,0,0,2,0,0,29,0,1,0,1,1,1,1,0
7238,3,48,3,0,0,0,1,0,0,4,4,3,0,1,0,0,0,3,0,0,32,1,0,1,2,2,2,0,0
2764,3,33,3,0,0,0,0,0,1,0,2,2,0,0,0,0,0,2,0,0,26,0,0,1,2,2,1,1,0
4679,3,24,3,0,1,0,0,0,0,0,3,3,0,1,0,0,0,3,0,0,35,0,0,1,2,1,1,1,0
3092,1,24,2,0,0,0,1,0,0,1,1,3,0,0,1,0,0,2,0,0,22,0,1,0,1,2,1,1,0
448,0,6,2,0,0,0,0,1,0,0,1,4,0,0,0,0,0,4,0,0,23,0,0,1,1,2,1,0,0
654,0,9,2,1,0,0,0,0,0,0,2,4,0,1,0,0,0,3,0,0,28,0,0,1,1,1,1,0,0
1238,3,6,2,0,0,0,0,0,0,4,0,4,0,1,0,0,0,4,0,0,36,0,0,1,1,3,2,1,0
1245,1,18,4,0,0,0,1,0,0,0,2,4,0,0,1,0,0,2,0,0,33,0,0,1,1,2,1,0,0
3114,0,18,0,0,0,1,0,0,0,0,1,1,0,0,0,0,0,4,0,0,26,0,1,0,1,2,1,0,0
2569,3,39,2,0,1,0,0,0,0,2,2,4,0,1,0,0,0,4,0,0,24,0,0,1,1,2,1,0,0
5152,2,24,2,0,0,0,1,0,0,0,3,4,0,1,0,0,0,2,0,0,25,1,0,1,1,2,1,0,0
1037,1,12,2,0,0,0,0,0,1,1,3,3,0,1,0,0,0,4,1,0,39,0,0,1,1,1,1,0,0
1478,0,15,4,0,0,1,0,0,0,0,4,4,0,1,0,0,0,4,0,0,44,0,0,1,2,2,2,1,0
3573,1,12,4,0,0,0,1,0,0,0,2,1,0,0,0,0,0,1,1,0,23,0,0,1,1,1,1,0,0
1201,1,24,2,1,0,0,0,0,0,0,1,4,0,1,0,0,0,1,0,0,26,0,0,1,1,2,1,0,0
3622,0,30,2,0,0,1,0,0,0,3,4,4,0,0,0,0,0,4,0,0,57,0,1,0,2,2,1,1,0
960,3,15,3,0,0,1,0,0,0,3,3,3,0,0,0,0,0,2,0,0,30,0,0,1,2,2,1,0,0
1163,3,12,4,1,0,0,0,0,0,2,2,4,0,1,0,0,0,4,1,0,44,0,0,1,1,2,1,1,0
1209,1,6,3,1,0,0,0,0,0,0,0,4,0,1,0,0,0,4,0,0,47,0,0,1,1,3,1,1,0
3077,3,12,2,0,0,0,1,0,0,0,2,2,0,1,0,0,0,4,0,0,52,0,0,1,1,2,1,1,0
3757,3,24,2,1,0,0,0,0,0,0,4,4,0,0,0,1,0,4,0,1,62,0,0,0,1,2,1,1,0
1418,3,10,2,1,0,0,0,0,0,1,2,3,0,1,0,0,0,2,1,0,35,0,1,0,1,1,1,0,1
3518,3,6,2,1,0,0,0,0,0,0,2,2,0,1,0,0,1,3,0,0,26,0,1,0,1,2,1,0,0
1934,3,12,4,0,0,0,1,0,0,0,4,2,0,1,0,0,0,2,0,1,26,0,0,1,2,2,1,0,0
8318,1,27,0,0,0,0,0,0,1,0,4,2,0,0,0,0,0,4,0,1,42,0,0,0,2,3,1,1,0
1237,3,6,4,0,0,0,1,0,0,1,2,1,0,0,0,0,0,1,0,0,27,0,0,1,2,2,1,0,0
368,1,6,2,0,0,0,1,0,0,4,4,4,0,1,0,0,0,4,0,0,38,0,0,1,1,2,1,0,0
2122,0,12,4,1,0,0,0,0,0,0,2,3,0,1,0,0,0,2,1,0,39,0,1,0,2,1,2,0,1
2996,0,24,2,0,0,1,0,0,0,4,2,2,0,0,1,0,0,4,0,0,20,0,0,1,1,2,1,0,0
9034,1,36,2,0,0,1,0,0,0,1,1,4,0,1,0,1,0,1,0,1,29,0,1,0,1,3,1,1,0
1585,3,24,4,0,0,1,0,0,0,0,3,4,0,1,0,0,0,3,0,0,40,0,0,1,2,2,1,0,0
1301,1,18,2,0,0,0,1,0,0,0,4,4,0,0,1,0,1,2,1,0,32,0,0,1,1,1,1,0,0
1323,2,6,4,1,0,0,0,0,0,1,4,2,1,0,0,0,0,4,0,0,28,0,0,1,2,2,2,1,0
3123,0,24,2,1,0,0,0,0,0,0,1,4,0,0,0,0,0,1,0,0,27,0,0,1,1,2,1,0,0
5493,0,36,2,0,1,0,0,0,0,0,4,2,0,1,0,0,0,4,0,1,42,0,0,0,1,2,2,0,0
1126,2,9,2,0,0,0,1,0,0,1,4,2,1,0,0,0,0,4,1,0,49,0,0,1,1,2,1,0,0
1216,1,24,4,0,0,0,1,0,0,1,1,4,0,1,0,0,0,4,0,1,38,1,0,1,2,2,2,0,0
1207,0,24,2,1,0,0,0,0,0,0,1,4,0,0,0,0,0,4,0,0,24,0,1,0,1,2,1,0,0
1309,3,10,2,1,0,0,0,0,0,4,2,4,0,1,0,0,1,4,0,0,27,0,0,1,1,1,1,0,0
2360,2,15,4,0,1,0,0,0,0,2,2,2,0,1,0,0,0,2,0,0,36,0,0,1,1,2,1,1,0
6850,1,15,1,1,0,0,0,0,0,1,0,1,0,1,0,0,0,2,0,0,34,0,0,1,1,3,2,1,0
1413,3,24,2,0,0,0,1,0,0,0,2,4,0,0,1,0,0,2,0,0,28,0,0,1,1,2,1,0,0
8588,3,39,2,0,1,0,0,0,0,1,4,4,0,1,0,0,0,2,0,0,45,0,0,1,1,3,1,1,0
759,0,12,2,1,0,0,0,0,0,0,3,4,0,1,0,0,0,2,1,0,26,0,0,1,1,2,1,0,0
4686,3,36,2,0,1,0,0,0,0,0,2,2,0,1,0,0,0,2,0,1,32,0,0,0,1,3,1,1,0
2687,2,15,2,0,0,0,0,0,1,0,3,2,0,1,0,0,0,4,0,0,26,0,1,0,1,2,1,1,0
585,1,12,3,0,0,0,1,0,0,0,2,4,0,0,1,1,0,4,1,0,20,0,1,0,2,2,1,0,0
2255,3,24,2,1,0,0,0,0,0,4,1,4,0,1,0,0,0,1,0,0,54,0,0,1,1,2,1,0,0
609,0,6,4,1,0,0,0,0,0,0,3,4,0,0,0,0,0,3,0,0,37,0,0,1,2,2,1,0,1
1361,0,6,4,1,0,0,0,0,0,0,1,2,0,1,0,0,0,4,1,0,40,0,0,1,1,1,2,0,1
7127,3,36,4,0,0,1,0,0,0,0,1,2,0,0,0,0,0,4,0,0,23,0,1,0,2,2,1,1,0
1203,0,6,2,1,0,0,0,0,0,1,4,3,0,1,0,0,0,2,0,0,43,0,0,1,1,2,1,1,0
700,3,6,4,0,0,0,1,0,0,4,4,4,0,1,0,0,0,4,0,1,36,0,0,0,2,2,1,0,0
5507,3,24,4,0,0,0,0,0,0,0,4,3,0,1,0,0,0,4,0,1,44,0,0,0,2,2,1,0,0
3190,0,18,2,0,0,0,1,0,0,0,2,2,0,0,0,0,0,2,1,0,24,0,0,1,1,2,1,0,0
7119,0,48,0,0,0,1,0,0,0,0,2,3,0,1,0,0,0,4,0,1,53,0,0,0,2,2,2,0,0
3488,3,24,2,0,1,0,0,0,0,1,3,3,0,0,0,0,0,4,0,0,23,0,0,1,1,2,1,0,0
1113,1,18,2,0,0,0,1,0,0,0,2,4,0,0,0,0,1,4,1,0,26,0,0,1,1,1,2,0,0
7966,1,26,2,0,1,0,0,0,0,0,1,2,0,1,0,0,0,3,0,0,30,0,0,1,2,2,1,0,0
1532,3,15,4,0,0,0,0,1,0,1,2,4,0,0,0,0,0,3,0,0,31,0,0,1,1,2,1,0,0
1503,3,4,4,0,0,0,1,0,0,0,3,2,0,1,0,0,0,1,1,0,42,0,0,1,2,1,2,0,0
2302,0,36,2,0,0,0,1,0,0,0,2,4,1,0,0,0,0,4,0,0,31,0,1,0,1,2,1,0,0
662,0,6,2,1,0,0,0,0,0,0,1,3,0,1,0,0,0,4,1,0,41,0,0,1,1,1,2,1,0
2273,1,36,2,0,0,0,0,1,0,0,3,3,0,1,0,0,0,1,0,0,32,0,0,1,2,2,2,0,0
2631,1,15,2,1,0,0,0,0,0,1,2,2,0,0,0,0,0,4,0,0,28,0,1,0,2,2,1,1,0
1503,3,12,3,0,1,0,0,0,0,0,2,4,0,0,1,0,0,4,1,0,41,0,1,0,1,2,1,0,0
1311,3,24,2,0,0,0,1,0,0,1,3,4,0,0,1,0,0,3,0,0,26,0,0,1,1,2,1,1,0
3105,3,24,2,0,0,0,1,0,0,4,1,4,0,1,0,0,0,2,0,0,25,0,0,1,2,2,1,0,0
2319,2,21,4,0,0,0,0,1,0,0,1,2,1,0,0,0,0,1,0,0,33,0,1,0,1,2,1,0,0
1374,0,6,2,1,0,0,0,0,0,4,0,4,0,0,0,0,0,3,0,0,75,0,0,1,1,3,1,1,0
3612,1,18,4,0,0,1,0,0,0,0,4,3,0,0,0,0,0,4,0,0,37,0,0,1,1,2,1,1,0
7763,0,48,2,1,0,0,0,0,0,0,4,4,0,1,0,0,0,4,0,1,42,1,0,0,1,3,1,0,0
3049,2,18,2,0,0,1,0,0,0,0,1,1,0,0,0,0,0,1,0,0,45,1,0,1,1,1,1,0,0
1534,1,12,2,0,0,0,1,0,0,0,1,1,0,0,1,0,0,1,1,0,23,0,1,0,1,2,1,0,0
2032,3,24,3,1,0,0,0,0,0,0,4,4,0,1,0,0,0,4,0,1,60,0,0,0,2,2,1,1,0
6350,0,30,2,0,0,1,0,0,0,4,4,4,0,1,0,0,0,4,0,0,31,0,0,1,1,2,1,0,0
2864,2,18,2,0,0,1,0,0,0,0,2,2,0,1,0,0,0,1,1,0,34,0,0,1,1,1,2,0,0
1255,3,12,4,1,0,0,0,0,0,0,4,4,0,1,0,0,0,4,1,0,61,0,0,1,2,1,1,0,0
1333,0,24,3,1,0,0,0,0,0,0,0,4,0,1,0,0,0,2,1,0,43,0,0,0,2,2,2,0,0
2022,3,24,4,1,0,0,0,0,0,0,2,4,0,0,0,0,0,4,0,0,37,0,0,1,1,2,1,1,0
1552,3,24,2,0,0,0,1,0,0,0,3,3,0,1,0,0,0,1,0,0,32,1,0,1,1,2,2,0,0
626,0,12,1,0,0,0,1,0,0,0,2,4,0,0,0,0,0,4,1,0,24,1,0,1,1,1,1,0,0
8858,3,48,4,0,1,0,0,0,0,4,3,2,0,1,0,0,0,1,0,1,35,0,0,0,2,2,1,1,0
996,3,12,4,0,0,0,0,0,0,4,3,4,0,0,0,0,0,4,1,0,23,0,0,1,2,2,1,0,0
1750,3,6,1,0,0,0,1,0,0,2,4,2,0,1,0,0,0,4,0,0,45,1,0,1,1,1,2,0,0
6999,0,48,2,0,0,0,1,0,0,0,3,1,0,0,1,0,1,1,1,0,34,0,0,1,2,2,1,1,0
1995,1,12,4,1,0,0,0,0,0,1,1,4,0,1,0,0,0,1,0,0,27,0,0,1,1,2,1,0,0
1199,1,9,2,0,0,0,0,1,0,0,3,4,0,0,0,0,0,4,0,0,67,0,0,1,2,3,1,1,0
1331,1,12,2,0,0,0,1,0,0,0,1,2,0,1,0,0,0,1,0,0,22,1,0,1,1,2,1,0,0
2278,1,18,0,1,0,0,0,0,0,1,1,3,0,0,0,0,0,3,0,0,28,0,0,1,2,2,1,0,0
5003,3,21,0,1,0,0,0,0,0,4,2,1,0,0,0,0,0,4,0,0,29,1,0,1,2,2,1,1,0
3552,0,24,1,0,0,1,0,0,0,0,3,3,0,1,0,0,0,4,0,0,27,1,0,1,1,2,1,0,0
1928,1,18,4,0,0,1,0,0,0,0,1,2,0,1,0,0,0,2,1,0,31,0,0,1,2,1,1,0,0
2964,0,24,2,0,1,0,0,0,0,4,4,4,0,1,0,0,0,4,0,1,49,1,0,0,1,2,2,1,0
1546,0,24,1,0,0,0,1,0,0,0,3,4,0,1,0,0,1,4,0,0,24,1,1,0,1,1,1,0,0
683,2,6,3,0,0,0,1,0,0,0,1,2,0,0,0,0,0,1,0,0,29,1,0,1,1,2,1,0,0
12389,1,36,2,1,0,0,0,0,0,4,2,1,0,1,0,0,0,4,0,1,37,0,0,0,1,2,1,1,0
4712,1,24,3,0,0,0,0,0,1,4,2,4,0,1,0,0,0,2,0,0,37,1,0,1,2,3,1,1,0
1553,1,24,3,0,0,0,1,0,0,1,3,3,0,0,0,0,0,2,0,0,23,0,1,0,2,2,1,1,0
1372,0,12,2,1,0,0,0,0,0,0,3,2,1,0,0,0,0,3,0,0,36,0,0,1,1,2,1,0,0
2578,3,24,4,0,0,0,1,0,0,3,4,2,0,1,0,0,0,2,0,0,34,0,0,1,1,2,1,0,0
3979,1,48,2,0,0,0,1,0,0,4,3,4,0,1,0,0,0,1,0,0,41,0,0,1,2,2,2,1,0
6758,0,48,2,0,0,0,1,0,0,0,2,3,0,0,0,0,0,2,0,0,31,0,0,1,1,2,1,1,0
3234,0,24,2,0,0,1,0,0,0,0,1,4,0,0,0,0,0,4,1,0,23,0,1,0,1,1,1,1,0
5954,3,30,4,0,0,0,1,0,0,0,3,3,0,1,0,1,0,2,0,0,38,0,0,1,1,2,1,0,0
5433,3,24,2,0,1,0,0,0,0,4,0,2,0,0,0,0,0,4,0,0,26,0,1,0,1,3,1,1,0
806,0,15,2,0,0,0,0,0,1,0,2,4,0,0,0,0,0,4,0,0,22,0,0,1,1,1,1,0,0
1082,1,9,2,0,0,0,1,0,0,0,4,4,0,1,0,0,0,4,0,0,27,0,0,1,2,1,1,0,0
2788,3,15,4,0,0,1,0,0,0,0,3,2,0,0,0,1,0,3,0,0,24,1,0,1,2,2,1,0,0
2930,1,12,2,0,0,0,1,0,0,0,3,2,0,0,0,0,0,1,1,0,27,0,0,1,1,2,1,0,0
1927,3,24,4,0,0,0,0,1,0,4,2,3,0,0,0,0,0,2,0,0,33,0,0,1,2,2,1,1,0
2820,1,36,4,1,0,0,0,0,0,0,1,4,1,0,0,0,0,4,0,0,27,0,0,1,2,2,1,0,0
937,3,24,2,0,0,0,0,0,0,0,1,4,0,0,1,0,0,3,0,0,27,0,0,1,2,1,1,0,0
1056,1,18,4,1,0,0,0,0,0,0,4,3,0,1,0,0,1,3,1,0,30,1,0,1,2,2,1,0,0
3124,1,12,4,1,0,0,0,0,0,0,1,1,0,1,0,0,0,3,1,0,49,1,0,1,2,1,2,0,0
1388,3,9,2,0,0,1,0,0,0,0,2,4,0,0,0,0,0,2,1,0,26,0,1,0,1,2,1,0,0
2384,1,36,2,0,0,0,0,0,0,0,1,4,0,1,0,0,0,1,0,1,33,0,1,0,1,1,1,0,0
2133,3,12,2,1,0,0,0,0,0,4,4,4,0,0,0,0,0,4,0,1,52,0,0,0,1,3,1,1,0
2039,0,18,2,0,0,1,0,0,0,0,2,1,0,0,0,0,0,4,1,0,20,1,1,0,1,2,1,0,0
2799,0,9,4,1,0,0,0,0,0,0,2,2,0,1,0,0,0,2,1,0,36,0,1,0,2,2,2,0,0
1289,0,12,2,0,0,1,0,0,0,0,2,4,0,1,0,0,1,1,0,0,21,0,0,1,1,1,1,0,0
1217,0,18,2,0,0,0,0,0,0,0,2,4,0,0,1,0,0,3,1,0,47,0,0,1,1,1,1,1,0
2246,0,12,4,0,0,1,0,0,0,0,4,3,0,1,0,0,0,3,0,0,60,0,0,1,2,2,1,0,0
385,0,12,4,0,0,0,1,0,0,0,3,4,0,0,0,0,0,3,1,0,58,0,0,1,4,1,1,1,0
1965,1,24,3,1,0,0,0,0,0,4,2,4,0,0,0,0,0,4,0,0,42,0,1,0,2,2,1,1,0
1572,3,21,2,0,0,0,0,0,1,3,4,4,0,0,0,0,0,4,1,0,36,1,0,1,1,1,1,0,0
2718,1,24,2,1,0,0,0,0,0,0,2,3,0,0,0,0,0,4,0,0,20,0,1,0,1,1,1,1,0
1358,0,24,1,0,0,0,0,0,0,4,4,4,0,1,0,0,0,3,0,0,40,1,0,1,1,3,1,1,0
931,1,6,1,1,0,0,0,0,0,1,1,1,0,0,0,0,0,1,0,0,32,1,0,1,1,1,1,0,0
1442,0,24,2,1,0,0,0,0,0,0,3,4,0,0,0,0,0,4,0,0,23,0,1,0,2,2,1,0,0
4241,1,24,0,0,0,0,0,0,1,0,2,1,0,1,0,0,0,4,1,0,36,0,0,1,3,1,1,1,0
2775,3,18,4,1,0,0,0,0,0,0,3,2,0,1,0,0,0,2,0,0,31,1,0,1,2,2,1,0,0
3863,3,24,3,0,0,0,0,0,1,0,2,1,0,1,0,0,0,2,0,1,32,0,0,0,1,2,1,0,0
2329,1,7,2,0,0,0,1,0,0,0,1,1,0,0,0,0,1,1,1,0,45,0,0,1,1,2,1,0,0
918,1,9,2,0,0,1,0,0,0,0,2,4,0,0,0,0,0,1,0,0,30,0,0,1,1,2,1,0,0
1837,1,24,1,0,0,0,0,1,0,0,3,4,0,0,0,0,0,4,0,1,34,1,0,0,1,1,1,0,0
3349,3,36,2,0,0,1,0,0,0,0,2,4,0,0,0,0,0,2,0,0,28,0,0,1,1,3,1,1,0
1275,2,10,2,0,0,1,0,0,0,0,1,4,0,0,0,0,0,2,0,0,23,0,0,1,1,2,1,0,0
2828,0,24,1,0,0,1,0,0,0,2,2,4,0,1,0,0,0,4,1,0,22,1,0,1,1,2,1,1,0
4526,3,24,4,0,0,0,0,0,1,0,2,3,0,1,0,0,0,2,1,0,74,0,0,1,1,3,1,1,0
2671,1,36,2,0,0,0,1,0,0,1,2,4,0,0,0,1,0,4,0,1,50,0,0,0,1,2,1,0,0
2051,3,18,2,0,0,0,1,0,0,0,1,4,0,1,0,0,0,1,1,0,33,0,0,1,1,2,1,0,0
1300,3,15,2,0,1,0,0,0,0,4,4,4,0,1,0,0,0,4,0,1,45,1,0,0,1,2,2,0,0
741,0,12,2,0,0,0,0,0,0,1,0,4,0,0,0,0,0,3,0,0,22,0,0,1,1,2,1,0,0
1240,2,10,2,1,0,0,0,0,0,1,4,1,0,0,0,0,0,4,0,1,48,0,0,0,1,1,2,0,0
3357,0,21,2,0,0,0,1,0,0,3,1,4,0,0,0,0,0,2,0,0,29,1,0,1,1,2,1,0,0
3632,0,24,1,0,1,0,0,0,0,0,2,1,0,0,0,0,1,4,0,0,22,1,1,0,1,2,1,0,1
1808,3,18,3,0,0,1,0,0,0,0,3,4,0,0,0,0,0,1,1,0,22,0,0,1,1,2,1,0,0
12204,1,48,0,0,0,0,0,0,1,4,2,2,0,1,0,0,0,2,0,0,48,1,0,1,1,3,1,1,0
9157,1,60,3,0,0,0,1,0,0,4,2,2,0,1,0,0,0,2,0,1,27,0,0,0,1,3,1,0,0
3676,0,6,4,1,0,0,0,0,0,0,2,1,0,1,0,0,0,3,1,0,37,0,1,0,3,2,2,0,0
3441,1,30,2,0,0,1,0,0,0,1,2,2,0,0,0,1,0,4,0,0,21,0,1,0,1,2,1,0,0
640,3,12,2,1,0,0,0,0,0,0,2,4,1,0,0,0,0,2,1,0,49,0,0,1,1,1,1,0,0
3652,1,21,4,0,0,0,0,0,1,0,3,2,0,1,0,0,0,3,0,0,27,0,0,1,2,2,1,0,0
1530,3,18,4,1,0,0,0,0,0,0,2,3,0,1,0,0,0,2,0,0,32,1,0,1,2,2,1,0,0
3914,3,48,2,0,0,0,0,0,1,4,2,4,1,0,0,0,0,2,1,0,38,1,0,1,1,2,1,0,0
1858,0,12,2,0,0,1,0,0,0,0,1,4,0,0,0,0,0,1,0,0,22,0,1,0,1,2,1,0,0
2600,0,18,2,0,0,0,1,0,0,0,2,4,0,1,0,0,0,4,0,1,65,0,0,0,2,2,1,0,0
1979,3,15,2,0,0,0,1,0,0,4,4,4,0,1,0,0,0,2,0,0,35,0,0,1,1,2,1,0,0
2116,2,6,2,0,0,1,0,0,0,0,2,2,0,1,0,0,0,2,1,0,41,0,0,1,1,2,1,1,0
1437,1,9,1,1,0,0,0,0,0,1,3,2,0,1,0,0,0,3,0,1,29,0,0,1,1,2,1,0,0
4042,3,42,4,0,0,1,0,0,0,2,2,4,0,1,0,0,0,4,1,0,36,0,0,1,2,2,1,1,0
3832,3,9,2,0,0,0,0,1,0,4,4,1,0,1,0,0,0,4,1,0,64,0,0,1,1,1,1,0,0
3660,0,24,2,0,0,0,1,0,0,0,2,2,0,0,0,0,0,4,0,0,28,0,0,1,1,2,1,0,0
1553,0,18,1,0,0,1,0,0,0,0,2,4,0,1,0,0,0,3,0,0,44,1,0,1,1,2,1,0,0
1444,1,15,2,0,0,0,1,0,0,4,1,4,0,1,0,0,0,1,0,0,23,0,0,1,1,2,1,0,0
1980,3,9,2,0,0,1,0,0,0,0,1,2,0,0,0,1,0,2,0,0,19,0,1,0,2,2,1,0,0
1355,1,24,2,1,0,0,0,0,0,0,1,3,0,0,0,0,0,4,0,0,25,0,0,1,1,1,1,1,0
1393,3,12,2,0,0,0,0,1,0,0,4,4,0,1,0,0,0,4,0,0,47,1,0,1,3,2,2,1,0
1376,3,24,2,0,0,0,1,0,0,2,3,4,0,0,0,0,0,1,0,0,28,0,0,1,1,2,1,0,0
15653,3,60,3,0,0,0,1,0,0,0,3,2,0,1,0,0,0,4,0,0,21,0,0,1,2,2,1,1,0
1493,3,12,2,0,0,0,1,0,0,0,1,4,0,0,0,0,0,3,0,0,34,0,0,1,1,2,2,0,0
4370,0,42,3,0,0,0,1,0,0,0,3,3,0,1,0,0,0,2,0,0,26,1,0,1,2,2,2,1,0
750,0,18,2,0,0,0,0,1,0,0,0,4,0,0,0,0,0,1,1,0,27,0,0,1,1,0,1,0,0
1308,1,15,2,0,0,0,0,0,0,0,4,4,0,1,0,0,0,4,0,0,38,0,0,1,2,1,1,0,0
4623,3,15,2,0,0,0,0,1,0,1,2,3,0,1,0,0,0,2,0,0,40,0,0,1,1,3,1,1,0
1851,3,24,4,0,0,0,1,0,0,0,3,4,0,0,1,0,1,2,0,0,33,0,0,1,2,2,1,1,0
1880,0,18,4,0,0,0,1,0,0,0,3,4,0,0,1,0,0,1,0,0,32,0,0,1,2,3,1,1,0
7980,3,36,3,0,0,0,0,0,1,4,1,4,0,1,0,0,0,4,0,0,27,0,1,0,2,2,1,1,0
4583,0,30,0,0,0,1,0,0,0,0,2,2,1,0,0,0,1,2,1,0,32,0,0,1,2,2,1,0,0
1386,3,12,2,1,0,0,0,0,0,2,2,2,0,0,0,0,0,2,0,0,26,0,0,1,1,2,1,0,0
947,2,24,2,1,0,0,0,0,0,0,3,4,0,1,0,0,0,3,0,1,38,1,0,0,1,2,2,0,0
684,0,12,2,0,0,0,0,1,0,0,2,4,0,1,0,0,0,4,0,0,40,0,1,0,1,1,2,0,0
7476,0,48,2,0,0,0,0,1,0,0,3,4,0,1,0,0,0,1,0,1,50,0,0,0,1,3,1,1,0
1922,1,12,2,0,0,1,0,0,0,0,2,4,0,1,0,0,0,2,0,0,37,0,0,1,1,1,1,0,0
2303,0,24,2,1,0,0,0,0,0,0,4,4,0,1,0,1,0,1,1,0,45,0,0,1,1,2,1,0,0
8086,1,36,3,1,0,0,0,0,0,1,4,2,0,1,0,0,0,4,0,0,42,0,0,1,4,3,1,1,0
2346,3,24,4,0,1,0,0,0,0,0,3,4,0,1,0,0,0,3,0,0,35,0,0,1,2,2,1,1,0
3973,0,14,2,1,0,0,0,0,0,0,0,1,0,1,0,0,0,4,0,1,22,0,0,0,1,2,1,0,0
888,1,12,2,1,0,0,0,0,0,0,4,4,0,1,0,0,0,4,0,0,41,1,0,1,1,1,2,0,0
10222,3,48,2,0,0,0,1,0,0,4,3,4,0,1,0,0,0,3,0,0,37,1,0,1,1,2,1,1,0
4221,1,30,0,0,0,0,0,0,1,0,2,2,0,0,0,0,0,1,0,0,28,0,0,1,2,2,1,0,0
6361,1,18,4,0,0,1,0,0,0,0,4,2,0,1,0,0,0,1,0,1,41,0,0,1,1,2,1,1,0
1297,2,12,2,0,0,0,1,0,0,0,2,3,0,0,1,0,0,4,1,0,23,0,1,0,1,2,1,0,0
900,0,12,2,1,0,0,0,0,0,4,2,4,0,0,1,0,0,2,0,0,23,0,0,1,1,2,1,0,0
2241,3,21,2,0,0,1,0,0,0,0,4,4,0,1,0,0,0,2,1,0,50,0,0,1,2,2,1,0,0
1050,1,6,3,0,0,1,0,0,0,0,0,4,0,1,0,0,0,1,0,0,35,1,0,1,2,3,1,1,0
1047,2,6,4,0,0,0,0,1,0,0,2,2,0,0,0,0,0,4,0,0,50,0,0,1,1,1,1,0,0
6314,3,24,4,0,0,0,0,0,0,0,0,4,0,1,0,1,0,2,0,1,27,1,0,1,2,3,1,1,0
3496,1,30,1,0,0,1,0,0,0,3,2,4,0,1,0,0,0,2,0,0,34,1,0,1,1,2,2,1,0
3609,3,48,1,0,0,0,0,0,1,0,2,1,0,0,0,0,0,1,1,0,27,1,0,1,1,2,1,0,0
4843,0,12,4,1,0,0,0,0,0,0,4,3,0,1,0,1,0,4,0,0,43,0,1,0,2,2,1,1,0
3017,2,30,4,0,0,0,1,0,0,0,4,4,0,1,0,0,0,4,0,0,47,0,0,1,1,2,1,0,0
4139,3,24,4,0,0,0,0,0,1,1,2,3,0,1,0,0,0,3,0,0,27,0,0,1,2,1,1,1,0
5742,3,36,2,0,0,0,0,0,1,1,3,2,0,1,0,0,0,2,0,0,31,0,0,1,2,2,1,1,0
10366,3,60,2,1,0,0,0,0,0,0,4,2,0,1,0,0,0,4,0,0,42,0,0,1,1,3,1,1,0
2080,3,6,4,1,0,0,0,0,0,2,2,1,0,0,1,0,0,2,0,0,24,0,0,1,1,2,1,0,0
2580,3,21,3,0,0,0,0,0,1,2,1,4,0,1,0,0,0,2,1,0,41,1,0,1,1,1,2,0,0
4530,3,30,4,0,0,0,1,0,0,0,3,4,0,0,0,0,0,4,0,0,26,0,1,0,1,3,1,1,0
5150,3,24,4,0,0,1,0,0,0,0,4,4,0,1,0,0,0,4,0,0,33,0,0,1,1,2,1,1,0
5595,1,72,2,0,0,0,1,0,0,1,2,2,0,0,1,0,0,2,0,0,24,0,0,1,1,2,1,0,0
2384,0,24,2,0,0,0,1,0,0,0,4,4,0,1,0,0,0,4,1,0,64,1,1,0,1,1,1,0,0
1453,3,18,2,0,0,0,1,0,0,0,1,3,0,0,0,0,0,1,1,0,26,0,0,1,1,2,1,0,0
1538,3,6,2,0,0,0,0,1,0,0,1,1,0,0,0,0,0,2,0,1,56,0,0,1,1,2,1,0,0
2279,3,12,2,0,0,0,1,0,0,4,2,4,0,1,0,0,0,4,0,1,37,0,0,0,1,2,1,1,0
1478,3,15,3,0,0,0,1,0,0,0,2,4,0,0,1,0,0,3,1,0,33,1,0,1,2,2,1,0,0
5103,3,24,4,0,0,0,1,0,0,0,1,3,0,0,1,0,0,3,0,1,47,0,0,0,3,2,1,1,0
9857,1,36,3,0,0,0,0,0,1,1,3,1,0,1,0,0,0,3,0,0,31,0,0,1,2,1,2,1,0
6527,3,60,2,1,0,0,0,0,0,4,2,4,0,1,0,0,0,4,0,1,34,0,0,0,1,2,2,1,0
1347,2,10,4,0,0,0,1,0,0,4,3,4,0,1,0,0,0,2,0,0,27,0,0,1,2,2,1,1,0
2862,1,36,3,1,0,0,0,0,0,1,4,4,0,1,0,0,0,3,0,1,30,0,0,0,1,2,1,0,0
2753,3,9,2,0,0,0,1,0,0,1,4,3,0,1,0,1,0,4,0,0,35,0,0,1,1,2,1,1,0
3651,0,12,2,1,0,0,0,0,0,3,2,1,0,1,0,0,0,3,0,0,31,0,0,1,1,2,2,0,0
975,0,15,4,0,0,1,0,0,0,0,2,2,1,0,0,0,0,3,0,0,25,0,0,1,2,2,1,0,0
2631,1,15,2,0,0,0,0,0,0,1,2,3,0,0,0,0,0,2,1,0,25,0,0,1,1,1,1,0,0
2896,1,24,2,0,0,0,1,0,0,1,1,2,0,1,0,0,0,1,0,0,29,0,0,1,1,2,1,0,0
4716,0,6,4,1,0,0,0,0,0,4,1,1,0,1,0,0,0,3,1,0,44,0,0,1,2,1,2,0,0
2284,3,24,2,0,0,0,1,0,0,0,3,4,0,1,0,0,0,2,0,0,28,0,0,1,1,2,1,1,0
1236,3,6,2,0,1,0,0,0,0,2,2,2,0,1,0,0,0,4,0,0,50,0,1,0,1,2,1,0,0
1103,1,12,2,0,0,0,1,0,0,0,3,4,0,1,0,0,1,3,1,0,29,0,0,1,2,2,1,0,1
926,3,12,4,1,0,0,0,0,0,0,0,1,0,0,0,0,0,2,0,0,38,0,0,1,1,0,1,0,0
1800,3,18,4,0,0,0,1,0,0,0,2,4,0,1,0,0,0,2,0,0,24,0,0,1,2,2,1,0,0
1905,2,15,2,0,0,0,0,1,0,0,4,4,0,1,0,0,0,4,0,0,40,0,1,0,1,3,1,1,0
1123,3,12,2,0,0,1,0,0,0,2,2,4,0,0,0,0,0,4,0,0,29,0,1,0,1,1,1,0,0
6331,0,48,4,0,1,0,0,0,0,0,4,4,0,1,0,0,0,4,0,1,46,0,0,0,2,2,1,1,0
1377,2,24,2,0,0,0,1,0,0,1,4,4,0,0,0,0,0,2,0,1,47,0,0,0,1,2,1,1,0
2503,1,30,3,0,0,0,0,0,1,1,4,4,0,1,0,0,0,2,0,0,41,1,0,1,2,2,1,0,0
2528,1,27,2,0,0,0,0,0,1,0,1,4,0,0,0,0,0,1,0,0,32,0,0,1,1,2,2,1,0
5324,3,15,2,1,0,0,0,0,0,2,4,1,0,0,0,0,0,4,0,1,35,0,0,0,1,2,1,0,0
6560,1,48,2,1,0,0,0,0,0,1,3,3,0,1,0,0,0,2,0,0,24,0,0,1,1,2,1,0,0
2969,1,12,0,0,0,1,0,0,0,0,1,4,0,0,0,0,0,3,0,0,25,0,1,0,2,2,1,0,0
1206,1,9,2,0,0,0,1,0,0,0,4,4,0,0,0,0,0,4,1,0,25,0,0,1,1,2,1,0,0
2118,1,9,2,0,0,0,1,0,0,0,2,2,0,1,0,0,0,2,1,0,37,0,0,1,1,1,2,0,0
629,3,18,4,0,0,0,1,0,0,2,4,4,0,1,0,0,0,3,0,0,32,1,0,1,2,3,1,1,0
1198,0,6,1,0,0,0,0,1,0,0,4,4,0,0,0,0,0,4,0,1,35,0,0,0,1,2,1,0,0
2476,3,21,2,0,1,0,0,0,0,4,4,4,0,1,0,0,0,4,1,0,46,0,0,1,1,3,1,1,0
1138,0,9,4,0,0,0,1,0,0,0,2,4,0,1,0,0,0,4,1,0,25,0,0,1,2,1,1,0,0
14027,1,60,2,1,0,0,0,0,0,0,3,4,0,1,0,0,0,2,0,1,27,0,0,1,1,3,1,1,0
7596,3,30,4,0,1,0,0,0,0,4,4,1,0,1,0,0,0,4,0,0,63,0,0,1,2,2,1,0,0
3077,3,30,4,0,0,0,1,0,0,4,4,3,0,1,0,0,0,2,0,0,40,0,0,1,2,2,2,1,0
1505,3,18,2,0,0,0,1,0,0,0,2,4,0,1,0,0,0,2,0,1,32,0,0,0,1,3,1,1,0
3148,2,24,4,0,0,0,1,0,0,4,2,3,0,1,0,0,0,2,0,0,31,0,0,1,2,2,1,1,0
6148,1,20,0,0,1,0,0,0,0,1,4,3,0,0,1,0,0,4,0,0,31,1,0,1,2,2,1,1,0
1337,2,9,0,0,0,0,1,0,0,0,1,4,0,1,0,0,0,2,0,0,34,0,0,1,2,3,1,1,0
433,1,6,1,0,0,0,0,1,0,3,1,4,0,0,0,0,0,2,0,0,24,1,1,0,1,2,2,0,0
1228,0,12,2,1,0,0,0,0,0,0,2,4,0,0,0,0,0,2,1,0,24,0,0,1,1,1,1,0,0
790,1,9,2,0,0,0,1,0,0,2,2,4,0,0,0,0,0,3,1,0,66,0,0,1,1,1,1,0,0
2570,3,27,2,1,0,0,0,0,0,0,2,3,0,0,0,0,0,3,1,0,21,0,1,0,1,2,1,0,0
250,3,6,4,1,0,0,0,0,0,3,2,2,0,0,0,0,0,2,1,0,41,1,0,1,2,1,1,0,0
1316,3,15,4,0,0,0,1,0,0,2,2,2,0,0,1,0,0,2,0,0,47,0,0,1,2,1,1,0,0
1882,0,18,2,0,0,0,1,0,0,0,2,4,0,0,0,0,0,4,0,0,25,1,1,0,2,2,1,0,0
6416,1,48,1,0,0,0,0,0,1,0,4,4,0,0,0,0,0,3,0,1,59,0,1,0,1,2,1,0,0
1275,2,24,4,0,0,0,0,0,1,3,2,2,1,0,0,0,0,4,1,0,36,0,0,1,2,2,1,1,0
6403,1,24,3,0,0,0,1,0,0,0,1,1,0,1,0,0,0,2,0,0,33,0,0,1,1,2,1,0,0
1987,0,24,2,0,0,0,1,0,0,0,2,2,0,1,0,0,0,4,1,0,21,0,1,0,1,1,2,0,0
760,1,8,2,0,0,0,1,0,0,0,3,4,0,0,0,0,1,2,1,0,44,0,0,1,1,1,1,0,0
2603,3,24,2,0,1,0,0,0,0,3,2,2,0,0,0,0,0,4,0,0,28,0,1,0,1,2,1,1,0
3380,3,4,4,1,0,0,0,0,0,0,3,1,0,0,0,0,0,1,1,0,37,0,0,1,1,2,2,0,0
3990,1,36,1,0,0,0,0,0,0,4,1,3,0,0,0,0,0,2,0,1,29,1,0,1,1,0,1,0,0
11560,1,24,2,0,1,0,0,0,0,0,2,1,0,0,0,0,0,4,0,0,23,0,1,0,2,3,1,0,0
4380,0,18,2,1,0,0,0,0,0,1,2,3,0,1,0,0,0,4,0,0,35,0,0,1,1,1,2,1,0
6761,3,6,4,1,0,0,0,0,0,0,3,1,0,1,0,0,0,3,0,1,45,0,0,1,2,3,2,1,0
4280,1,30,0,0,0,0,0,0,1,1,2,4,0,0,0,0,0,4,0,0,26,0,1,0,2,1,1,0,0
2325,0,24,1,1,0,0,0,0,0,1,3,2,0,1,0,0,0,3,0,0,32,1,0,1,1,2,1,0,0
1048,1,10,1,0,0,0,1,0,0,0,2,4,0,1,0,0,0,4,1,0,23,1,0,1,1,1,1,0,0
3160,3,21,2,0,0,0,1,0,0,4,4,4,0,1,0,0,0,3,0,0,41,0,0,1,1,2,1,1,0
2483,0,24,1,0,0,1,0,0,0,2,2,4,0,1,0,0,0,4,1,0,22,1,0,1,1,2,1,1,0
14179,0,39,4,0,0,1,0,0,0,4,3,4,0,1,0,0,0,4,0,0,30,0,0,1,2,3,1,1,0
1797,0,13,4,0,0,0,0,0,1,0,1,3,0,1,0,0,0,1,0,0,28,1,0,1,2,1,1,0,0
2511,0,15,2,1,0,0,0,0,0,0,0,1,0,0,0,0,0,4,0,0,23,0,1,0,1,2,1,0,0
1274,0,12,2,1,0,0,0,0,0,0,1,3,0,0,0,0,0,1,1,0,37,0,0,1,1,1,1,0,0
5248,3,21,2,0,1,0,0,0,0,4,2,1,0,1,0,0,0,3,0,0,26,0,0,1,1,2,1,0,0
3029,3,15,2,0,1,0,0,0,0,0,3,2,0,1,0,0,0,2,0,0,33,0,0,1,1,2,1,0,0
428,0,6,2,0,0,1,0,0,0,0,4,2,0,0,0,0,0,1,0,0,49,1,0,1,1,2,1,1,0
976,0,18,2,1,0,0,0,0,0,0,1,1,0,0,0,0,0,2,0,0,23,0,0,1,1,1,1,0,0
841,1,12,2,0,0,0,0,0,1,1,3,2,0,0,0,0,0,4,1,0,23,0,1,0,1,1,1,0,0
5771,3,30,4,0,0,0,1,0,0,0,3,4,0,0,0,0,0,2,0,0,25,0,0,1,2,2,1,0,0
1555,3,12,3,0,0,0,0,0,0,3,4,4,0,1,0,0,0,4,0,1,55,0,0,0,2,2,2,0,0
1285,0,24,2,1,0,0,0,0,0,4,3,4,0,0,0,0,0,4,0,1,32,0,1,0,1,2,1,0,0
1299,2,6,4,1,0,0,0,0,0,0,2,1,0,1,0,0,0,1,1,0,74,0,0,1,3,0,2,0,1
1271,2,15,4,0,0,0,1,0,0,4,2,3,0,1,0,0,0,4,0,1,39,0,0,0,2,2,1,1,0
1393,3,24,2,1,0,0,0,0,0,0,2,2,0,1,0,0,1,2,1,0,31,0,0,1,1,2,1,1,0
691,0,12,4,1,0,0,0,0,0,0,4,4,0,1,0,0,0,3,0,0,35,0,0,1,2,2,1,0,0
5045,3,15,4,1,0,0,0,0,0,4,4,1,0,0,0,0,0,4,0,0,59,0,0,1,1,2,1,1,0
2124,0,18,4,0,0,1,0,0,0,0,2,4,0,0,0,0,0,4,1,0,24,0,1,0,2,2,1,0,0
2214,0,12,2,0,0,0,1,0,0,0,2,4,0,1,0,0,0,3,0,0,24,0,0,1,1,1,1,0,0
12680,3,21,4,1,0,0,0,0,0,4,4,4,0,1,0,0,0,4,0,1,30,0,0,0,1,3,1,1,0
2463,3,24,4,1,0,0,0,0,0,1,3,4,0,0,1,0,0,3,0,0,27,0,0,1,2,2,1,1,0
1155,1,12,2,0,0,0,1,0,0,0,4,3,0,0,1,0,1,3,1,0,40,1,0,1,2,1,1,0,0
3108,0,30,2,0,0,1,0,0,0,0,1,2,1,0,0,0,0,4,0,0,31,0,0,1,1,1,1,0,0
2901,3,10,2,0,1,0,0,0,0,4,1,1,0,0,0,0,0,4,1,0,31,0,1,0,1,2,1,0,0
3617,1,12,4,0,0,1,0,0,0,0,4,1,0,1,0,0,0,4,0,0,28,0,1,0,3,2,1,1,0
1655,3,12,4,0,0,0,1,0,0,0,4,2,0,1,0,0,0,4,1,0,63,0,0,1,2,1,1,1,0
2812,0,24,2,0,1,0,0,0,0,4,4,2,0,0,0,0,0,4,1,0,26,0,1,0,1,2,1,0,0
8065,0,36,4,0,0,0,0,1,0,0,2,3,0,0,0,0,0,2,0,1,25,0,0,1,2,3,1,1,0
3275,3,21,4,0,1,0,0,0,0,0,4,1,0,1,0,0,0,4,0,0,36,0,0,1,1,3,1,1,0
2223,3,24,4,0,0,0,1,0,0,1,4,4,0,1,0,0,0,4,0,0,52,1,0,1,2,2,1,0,0
1480,2,12,4,1,0,0,0,0,0,2,0,2,0,1,0,0,0,4,0,1,66,1,0,0,3,0,1,0,0
1371,0,24,2,1,0,0,0,0,0,4,2,4,0,0,0,0,0,4,1,0,25,0,1,0,1,2,1,0,0
3535,3,36,4,1,0,0,0,0,0,0,3,4,0,1,0,0,0,4,0,0,37,0,0,1,2,2,1,1,0
3509,0,18,2,0,0,0,1,0,0,0,3,4,0,0,0,0,1,1,1,0,25,0,0,1,1,2,1,0,0
5711,3,36,4,0,1,0,0,0,0,3,4,4,0,1,0,0,0,2,0,0,38,0,0,1,2,3,1,1,0
3872,1,18,2,0,0,0,0,0,0,0,0,2,0,0,0,0,0,4,0,0,67,0,0,1,1,2,1,1,0
4933,1,39,4,0,0,0,1,0,0,0,3,2,0,1,0,0,1,2,1,0,25,0,0,1,2,2,1,0,0
1940,3,24,4,1,0,0,0,0,0,3,4,4,0,1,0,0,0,4,1,0,60,0,0,1,1,2,1,1,0
1410,1,12,0,0,0,0,0,0,0,0,2,2,0,1,0,0,0,2,1,0,31,0,0,1,1,1,1,1,0
836,1,12,2,1,0,0,0,0,0,1,1,4,0,0,0,0,0,2,0,0,23,1,0,1,1,1,1,0,0
6468,1,20,2,0,1,0,0,0,0,4,0,1,1,0,0,0,0,4,1,0,60,0,0,1,1,3,1,1,0
1941,1,18,2,0,0,0,0,0,1,3,2,4,0,1,0,0,0,2,0,0,35,0,0,1,1,1,1,1,0
2675,3,22,2,0,0,0,1,0,0,2,4,3,0,1,0,0,0,4,0,0,40,0,0,1,1,2,1,0,0
2751,3,48,4,0,1,0,0,0,0,4,4,4,0,1,0,0,0,3,0,0,38,0,0,1,2,2,2,1,0
6224,1,48,3,0,0,0,0,1,0,0,4,4,0,1,0,0,0,4,0,1,50,0,0,0,1,2,1,0,0
5998,0,40,4,0,0,0,0,1,0,0,2,4,0,1,0,0,0,3,0,1,27,1,0,1,1,2,1,1,0
1188,1,21,2,0,0,0,0,0,1,0,4,2,0,0,0,0,0,4,0,0,39,0,0,1,1,2,2,0,0
6313,3,24,2,0,1,0,0,0,0,4,4,3,0,1,0,0,0,4,0,0,41,0,0,1,1,3,2,1,0
1221,3,6,4,0,0,1,0,0,0,4,2,1,0,0,1,0,0,2,0,0,27,0,0,1,2,2,1,0,0
2892,2,24,2,0,0,1,0,0,0,0,4,3,1,0,0,0,0,4,0,1,51,0,0,0,1,2,1,0,0
3062,3,24,2,0,0,1,0,0,0,2,4,4,0,1,0,0,0,3,0,1,32,0,1,0,1,2,1,1,0
2301,3,9,2,0,0,1,0,0,0,1,1,2,0,0,0,0,0,4,0,0,22,0,1,0,1,2,1,0,0
7511,0,18,2,0,1,0,0,0,0,4,4,1,0,1,0,0,0,4,0,0,51,0,0,0,1,2,2,1,0
1258,3,12,4,0,0,1,0,0,0,0,1,2,0,0,0,0,0,4,0,0,22,0,1,0,2,1,1,0,0
717,3,24,3,1,0,0,0,0,0,4,4,4,0,0,1,0,0,4,0,0,54,0,0,1,2,2,1,1,0
1549,1,9,2,1,0,0,0,0,0,4,1,4,0,1,0,0,0,2,1,0,35,0,0,1,1,0,1,0,0
1597,3,24,4,0,0,0,0,1,0,0,4,4,0,1,0,0,0,4,0,1,54,0,0,0,2,2,2,0,0
1795,1,18,4,0,0,0,1,0,0,0,4,3,0,0,0,0,1,4,1,0,48,1,1,0,2,1,1,1,0
4272,0,20,4,0,0,1,0,0,0,0,4,1,0,0,0,0,0,4,0,0,24,0,0,1,2,2,1,0,0
976,3,12,4,0,0,0,1,0,0,4,4,4,0,1,0,0,0,4,0,0,35,0,0,1,2,2,1,0,0
7472,1,12,2,1,0,0,0,0,0,4,0,1,0,0,0,0,0,2,1,0,24,0,1,0,1,0,1,0,0
9271,0,36,2,1,0,0,0,0,0,0,3,2,0,1,0,0,0,1,0,0,24,0,0,1,1,2,1,1,0
590,1,6,2,0,0,0,1,0,0,0,1,3,0,0,1,0,0,3,1,0,26,0,0,1,1,1,1,0,1
930,3,12,4,0,0,0,1,0,0,4,4,4,0,1,0,0,0,4,1,0,65,0,0,1,4,2,1,0,0
9283,1,42,1,0,1,0,0,0,0,0,0,1,0,1,0,0,0,2,0,1,55,1,0,0,1,3,1,1,0
1778,1,15,0,1,0,0,0,0,0,0,1,2,0,0,0,0,0,1,1,0,26,0,1,0,2,0,1,0,0
907,1,8,2,0,0,0,0,0,1,0,1,3,0,0,1,0,0,2,1,0,26,0,0,1,1,2,1,1,0
484,1,6,2,0,0,0,1,0,0,0,3,3,0,0,1,0,1,3,1,0,28,1,0,1,1,1,1,0,0
9629,0,36,4,0,1,0,0,0,0,0,3,4,0,1,0,0,0,4,0,0,24,0,0,1,2,2,1,1,0
3051,0,48,2,0,0,0,0,0,0,0,2,3,0,1,0,0,0,4,0,0,54,0,0,1,1,2,1,0,0
3931,0,48,2,1,0,0,0,0,0,0,3,4,0,1,0,0,0,4,0,1,46,0,0,0,1,2,2,0,0
7432,1,36,3,1,0,0,0,0,0,0,2,2,0,0,0,0,0,2,0,0,54,0,1,0,1,2,1,0,0
1338,3,6,2,0,0,0,0,0,0,2,2,1,1,0,0,0,0,4,1,0,62,0,0,1,1,2,1,0,0
1554,3,6,4,0,0,0,1,0,0,0,3,1,0,0,0,0,0,2,0,0,24,0,1,0,2,2,1,1,0
15857,0,36,2,0,0,0,0,0,0,0,0,2,1,0,0,1,0,3,0,0,43,0,0,1,1,3,1,0,0
1345,0,18,2,0,0,0,1,0,0,0,2,4,0,0,1,0,0,3,1,0,26,1,0,1,1,2,1,0,0
1101,3,12,2,1,0,0,0,0,0,0,2,3,0,0,1,0,0,2,1,0,27,0,0,1,2,2,1,1,0
3016,2,12,2,0,0,0,1,0,0,0,2,3,0,0,1,0,0,1,0,0,24,0,0,1,1,2,1,0,0
2712,0,36,2,0,0,1,0,0,0,0,4,2,0,1,0,0,0,2,0,0,41,1,0,1,1,2,2,0,0
731,0,8,4,1,0,0,0,0,0,0,4,4,0,1,0,0,0,4,1,0,47,0,0,1,2,1,1,0,0
3780,3,18,4,0,0,1,0,0,0,0,1,3,1,0,0,0,0,2,0,0,35,0,0,1,2,3,1,1,0
1602,0,21,4,1,0,0,0,0,0,0,4,4,0,0,1,0,0,3,0,0,30,0,0,1,2,2,1,1,0
3966,0,18,4,1,0,0,0,0,0,0,4,1,0,0,0,0,0,4,1,0,33,1,1,0,3,2,1,1,0
4165,3,18,0,0,0,0,0,0,1,0,2,2,0,1,0,0,0,2,0,0,36,1,0,1,2,2,2,0,0
8335,0,36,2,0,1,0,0,0,0,4,4,3,0,1,0,0,0,4,0,1,47,0,0,0,1,2,1,0,0
6681,1,48,3,0,0,0,0,0,1,4,2,4,0,1,0,0,0,4,0,1,38,0,0,0,1,2,2,1,0
2375,3,24,3,0,0,0,0,0,1,2,2,4,0,1,0,0,0,2,0,0,44,0,0,1,2,2,2,1,0
1216,0,18,2,1,0,0,0,0,0,0,1,4,0,0,0,0,0,3,0,0,23,0,1,0,1,2,1,1,0
11816,0,45,0,0,0,0,0,0,1,0,4,2,0,1,0,0,0,4,0,0,29,0,1,0,2,2,1,0,0
5084,1,24,2,0,0,0,1,0,0,4,4,2,0,0,0,0,0,4,0,0,42,0,0,1,1,2,1,1,0
2327,2,15,2,0,0,0,1,0,0,0,1,2,0,0,0,0,0,3,1,0,25,0,0,1,1,1,1,0,0
1082,0,12,0,1,0,0,0,0,0,0,2,4,0,1,0,0,0,4,0,0,48,1,0,1,2,2,1,0,0
886,3,12,2,0,0,0,1,0,0,4,2,4,0,0,0,0,0,2,0,0,21,0,0,1,1,2,1,0,0
601,3,4,2,0,0,1,0,0,0,0,1,1,0,0,0,0,0,3,1,0,23,0,1,0,1,1,2,0,0
2957,0,24,4,0,1,0,0,0,0,0,4,4,0,1,0,0,0,4,0,0,63,0,0,1,2,2,1,1,0
2611,3,24,4,0,0,0,1,0,0,0,4,4,0,0,1,1,0,3,1,0,46,0,0,1,2,2,1,0,0
5179,0,36,2,0,0,1,0,0,0,0,3,4,0,1,0,0,0,2,0,0,29,0,0,1,1,2,1,0,0
2993,3,21,3,0,1,0,0,0,0,0,2,3,0,1,0,0,0,2,1,0,28,1,0,1,2,1,1,0,0
1943,3,18,2,0,0,0,0,0,0,0,1,4,0,0,0,0,0,4,1,0,23,0,0,1,1,2,1,0,0
1559,3,24,1,0,0,0,0,0,1,0,3,4,0,1,0,0,0,4,0,0,50,1,0,1,1,2,1,1,0
3422,3,18,2,0,0,1,0,0,0,0,4,4,0,1,0,0,0,4,0,0,47,1,0,1,3,2,2,1,0
3976,1,21,2,0,0,1,0,0,0,4,3,2,0,1,0,0,0,3,0,0,35,0,0,1,1,2,1,1,0
6761,3,18,2,1,0,0,0,0,0,4,2,2,0,1,0,0,0,4,0,0,68,0,1,0,2,2,1,0,0
1249,3,24,2,1,0,0,0,0,0,0,1,4,0,0,1,0,0,2,1,0,28,0,0,1,1,2,1,0,0
1364,0,9,2,0,0,0,1,0,0,0,3,3,0,1,0,0,0,4,1,0,59,0,0,1,1,2,1,0,0
709,0,12,2,0,0,0,1,0,0,0,4,4,0,1,0,0,0,4,1,0,57,1,0,1,1,1,1,0,0
2235,0,20,4,1,0,0,0,0,0,0,2,4,0,0,1,0,1,2,0,0,33,1,1,0,2,2,1,0,1
4042,3,24,4,0,1,0,0,0,0,4,3,3,0,1,0,0,0,4,0,0,43,0,0,1,2,2,1,1,0
1471,3,15,4,0,0,0,1,0,0,0,2,4,0,1,0,0,0,4,0,1,35,0,0,0,2,2,1,1,0
1442,0,18,1,1,0,0,0,0,0,0,3,4,0,1,0,0,0,4,0,1,32,0,0,0,2,1,2,0,0
10875,3,36,3,1,0,0,0,0,0,0,4,2,0,1,0,0,0,2,0,0,45,0,0,1,2,2,2,1,0
1474,3,24,2,1,0,0,0,0,0,1,1,4,0,0,1,0,0,3,1,0,33,0,0,1,1,2,1,1,0
894,3,10,2,0,0,0,0,0,0,4,3,4,0,0,0,0,0,3,0,0,40,0,0,1,1,2,1,1,0
3343,3,15,4,0,0,1,0,0,0,0,2,4,0,1,0,0,0,2,0,1,28,0,0,0,1,2,1,1,0
3959,0,15,2,1,0,0,0,0,0,0,2,3,0,0,0,0,0,2,0,0,29,0,0,1,1,2,1,1,0
3577,3,9,2,1,0,0,0,0,0,1,2,1,0,1,0,0,1,2,1,0,26,0,1,0,1,2,2,0,1
5804,3,24,4,0,1,0,0,0,0,3,2,4,0,1,0,0,0,2,1,0,27,0,0,1,2,2,1,0,0
2169,3,18,3,0,0,0,0,0,1,0,2,4,0,0,1,0,0,2,0,0,28,0,0,1,1,2,1,1,0
2439,0,24,2,0,0,0,1,0,0,0,1,4,0,0,0,0,0,4,1,0,35,0,0,1,1,2,1,1,0
4526,3,27,4,0,0,1,0,0,0,3,1,4,0,1,0,0,0,2,1,0,32,1,0,1,2,1,2,1,0
2210,3,10,2,0,0,1,0,0,0,0,2,2,0,1,0,0,0,2,1,0,25,1,1,0,1,1,1,0,0
2221,3,15,2,0,0,1,0,0,0,2,2,2,0,0,0,0,0,4,0,0,20,0,1,0,1,2,1,0,0
2389,0,18,2,0,0,0,1,0,0,0,1,4,0,0,0,0,0,1,0,0,27,1,0,1,1,2,1,0,0
3331,3,12,4,0,0,1,0,0,0,0,4,2,0,1,0,0,0,4,0,0,42,1,0,1,1,2,1,0,0
7409,3,36,2,0,0,0,0,0,1,4,4,3,0,1,0,0,0,2,0,0,37,0,0,1,2,2,1,0,0
652,0,12,2,0,0,1,0,0,0,0,4,4,0,0,0,0,0,4,0,0,24,0,1,0,1,2,1,0,0
7678,3,36,3,0,0,1,0,0,0,2,3,2,0,0,0,0,0,4,0,0,40,0,0,1,2,2,1,1,0
1343,2,6,4,1,0,0,0,0,0,0,4,1,0,1,0,0,0,4,1,0,46,0,0,1,2,2,2,0,1
1382,0,24,4,0,0,0,0,0,1,1,3,4,0,1,0,0,0,1,1,0,26,0,0,1,2,2,1,1,0
874,3,15,2,0,0,0,0,0,0,4,1,4,0,0,0,0,0,1,1,0,24,0,0,1,1,2,1,0,0
3590,0,12,2,0,0,1,0,0,0,0,2,2,0,1,0,1,0,2,0,0,29,0,0,1,1,1,2,0,0
1322,1,11,4,1,0,0,0,0,0,3,2,4,0,0,0,0,0,4,0,0,40,0,0,1,2,2,1,0,0
1940,0,18,1,0,0,0,1,0,0,0,1,3,0,1,0,1,0,4,0,1,36,1,0,0,1,3,1,1,0
3595,3,36,2,0,0,0,1,0,0,0,4,4,0,1,0,0,0,2,0,0,28,0,0,1,1,2,1,0,0
1422,0,9,2,1,0,0,0,0,0,0,1,3,0,1,0,0,0,2,0,1,27,0,0,0,1,3,1,1,0
6742,3,30,4,0,0,0,1,0,0,4,3,2,0,1,0,0,0,3,0,0,36,0,0,1,2,2,1,0,0
7814,3,24,2,0,1,0,0,0,0,0,3,3,0,1,0,0,0,3,0,0,38,0,0,1,1,3,1,1,0
9277,3,24,2,0,1,0,0,0,0,4,2,2,1,0,0,0,0,4,0,1,48,0,0,0,1,2,1,1,0
2181,1,30,4,1,0,0,0,0,0,4,4,4,0,1,0,0,0,4,1,0,36,0,0,1,2,2,1,0,0
1098,3,18,4,0,0,0,1,0,0,0,0,4,0,0,0,0,0,4,0,0,65,0,0,1,2,0,1,0,0
4057,1,24,2,0,0,1,0,0,0,0,3,3,1,0,0,0,0,3,0,0,43,0,0,1,1,2,1,1,0
795,0,12,2,0,0,0,0,1,0,0,1,4,0,0,0,0,0,4,0,0,53,0,0,1,1,2,1,0,0
2825,1,24,4,0,0,0,0,0,1,4,3,4,0,1,0,0,0,3,0,1,34,0,0,1,2,2,2,1,0
15672,1,48,2,0,0,0,0,0,1,0,2,2,0,1,0,0,0,2,0,0,23,0,0,1,1,2,1,1,0
6614,3,36,4,1,0,0,0,0,0,0,4,4,0,1,0,0,0,4,0,0,34,0,0,1,2,3,1,1,0
7824,3,28,1,0,1,0,0,0,0,4,1,3,0,1,0,0,1,4,1,0,40,1,1,0,2,2,2,1,0
2442,0,27,4,0,0,0,0,0,1,0,4,4,0,1,0,0,0,4,0,0,43,1,0,1,4,3,2,1,0
1829,3,15,4,0,0,0,1,0,0,0,4,4,0,1,0,0,0,4,0,0,46,0,0,1,2,2,1,1,0
2171,0,12,4,1,0,0,0,0,0,0,2,4,0,1,0,0,0,4,0,0,38,1,0,1,2,1,1,0,1
5800,1,36,4,0,1,0,0,0,0,0,2,3,0,1,0,0,0,4,0,0,34,0,0,1,2,2,1,1,0
1169,3,18,4,0,0,0,1,0,0,4,2,4,0,1,0,0,0,3,0,0,29,0,0,1,2,2,1,1,0
8947,3,36,3,0,1,0,0,0,0,4,3,3,0,1,0,0,0,2,0,0,31,1,0,1,1,3,2,1,0
2606,0,21,2,0,0,0,1,0,0,0,1,4,0,0,0,0,0,4,0,0,28,0,1,0,1,3,1,1,0
1592,3,12,4,0,0,1,0,0,0,3,3,3,0,0,0,0,0,2,0,0,35,0,0,1,1,2,1,0,1
2186,3,15,2,0,0,1,0,0,0,4,3,1,0,0,0,0,0,4,1,0,33,1,1,0,1,1,1,0,0
4153,0,18,2,0,0,1,0,0,0,0,2,2,0,1,0,1,0,3,0,0,42,0,0,1,1,2,1,0,0
6614,3,36,4,1,0,0,0,0,0,0,4,4,0,1,0,0,0,4,0,0,34,0,0,1,2,3,1,1,0
7824,3,28,1,0,1,0,0,0,0,4,1,3,0,1,0,0,1,4,1,0,40,1,1,0,2,2,2,1,0
2442,0,27,4,0,0,0,0,0,1,0,4,4,0,1,0,0,0,4,0,0,43,1,0,1,4,3,2,1,0
1829,3,15,4,0,0,0,1,0,0,0,4,4,0,1,0,0,0,4,0,0,46,0,0,1,2,2,1,1,0
2171,0,12,4,1,0,0,0,0,0,0,2,4,0,1,0,0,0,4,0,0,38,1,0,1,2,1,1,0,1
5800,1,36,4,0,1,0,0,0,0,0,2,3,0,1,0,0,0,4,0,0,34,0,0,1,2,2,1,1,0
1169,3,18,4,0,0,0,1,0,0,4,2,4,0,1,0,0,0,3,0,0,29,0,0,1,2,2,1,1,0
8947,3,36,3,0,1,0,0,0,0,4,3,3,0,1,0,0,0,2,0,0,31,1,0,1,1,3,2,1,0
2606,0,21,2,0,0,0,1,0,0,0,1,4,0,0,0,0,0,4,0,0,28,0,1,0,1,3,1,1,0
1592,3,12,4,0,0,1,0,0,0,3,3,3,0,0,0,0,0,2,0,0,35,0,0,1,1,2,1,0,1
2186,3,15,2,0,0,1,0,0,0,4,3,1,0,0,0,0,0,4,1,0,33,1,1,0,1,1,1,0,0
4153,0,18,2,0,0,1,0,0,0,0,2,2,0,1,0,1,0,3,0,0,42,0,0,1,1,2,1,0,0
